"354180155","GDAŃSK-WIBNO","2023","01","01",15.2,"",10.4,"",12.2,"",7.7,"",.0,"","W",0,"9",.0,"9",.4,"",.0,"8",.0,"8",.0,"8",.0,"8",.0,"8",.0,"8",.0,"8",.0,"8",.0,"8",.0,"8",.0,"8",.0,"8",.0,"8",.0,"8",.0,"8",.0,"8",0,"",0,"8","R",0,"8",0,"8",0,"8"
"354180155","GDAŃSK-WIBNO","2023","01","02",11.4,"",6.6,"",9.0,"",5.4,"",1.2,"","W",0,"9",.0,"9",.0,"9",.0,"8",.0,"8",.0,"8",.0,"8",.0,"8",.0,"8",.0,"8",.0,"8",.0,"8",.0,"8",.0,"8",.0,"8",.0,"8",.0,"8",.0,"8",.0,"8",0,"",0,"8","R",0,"8",0,"8",0,"8"
"354180155","GDAŃSK-WIBNO","2023","01","03",11.6,"",4.5,"",6.2,"",3.2,"",.6,"","W",0,"9",.0,"9",1.2,"",.0,"8",.0,"8",.0,"8",.0,"8",.0,"8",.0,"8",.0,"8",.0,"8",.0,"8",.0,"8",.0,"8",.0,"8",.0,"8",.0,"8",.0,"8",.0,"8",0,"",0,"8","R",0,"8",0,"8",0,"8"
"354180155","GDAŃSK-WIBNO","2023","01","04",5.5,"",-.1,"",3.4,"",-1.8,"",3.3,"","W",0,"9",.0,"9",.0,"9",.0,"8",.0,"8",.0,"8",.0,"8",.0,"8",.0,"8",.0,"8",.0,"8",.0,"8",.0,"8",.0,"8",.0,"8",.0,"8",.0,"8",.0,"8",.0,"8",0,"",0,"8","R",0,"8",0,"8",0,"8"
"354180155","GDAŃSK-WIBNO","2023","01","05",8.4,"",2.1,"",5.5,"",1.5,"",.0,"","W",0,"9",.0,"9",.0,"9",.0,"8",.0,"8",.0,"8",.0,"8",.0,"8",.0,"8",.0,"8",.0,"8",.0,"8",.0,"8",.0,"8",.0,"8",.0,"8",.0,"8",.0,"8",.0,"8",0,"",0,"8","R",0,"8",0,"8",0,"8"
"354180155","GDAŃSK-WIBNO","2023","01","06",2.4,"",-2.0,"",-.6,"",-1.4,"",1.3,"","S",0,"9",.0,"9",.0,"9",.0,"8",.0,"8",.0,"8",.0,"8",.0,"8",.0,"8",.0,"8",.0,"8",.0,"8",.0,"8",.0,"8",.0,"8",.0,"8",.0,"8",.0,"8",.0,"8",0,"",0,"8","Z",0,"8",0,"8",0,"8"
"354180155","GDAŃSK-WIBNO","2023","01","07",2.3,"",-1.0,"",1.2,"",-3.5,"",.0,"","S",3,"",.0,"9",3.1,"",.0,"8",.0,"8",.0,"8",.0,"8",.0,"8",.0,"8",.0,"8",.0,"8",.0,"8",.0,"8",.0,"8",.0,"8",.0,"8",.0,"8",.0,"8",.0,"8",1,"",0,"8","",0,"8",0,"8",0,"8"
"354180155","GDAŃSK-WIBNO","2023","01","08",5.0,"",1.4,"",4.3,"",1.0,"",.0,"","W",0,"9",.0,"9",.0,"9",.0,"8",.0,"8",.0,"8",.0,"8",.0,"8",.0,"8",.0,"8",.0,"8",.0,"8",.0,"8",.0,"8",.0,"8",.0,"8",.0,"8",.0,"8",.0,"8",0,"",0,"8","R",0,"8",0,"8",0,"8"
"354180155","GDAŃSK-WIBNO","2023","01","09",5.0,"",3.6,"",4.0,"",3.4,"",1.5,"","W",0,"9",.0,"9",.0,"9",.0,"8",.0,"8",.0,"8",.0,"8",.0,"8",.0,"8",.0,"8",.0,"8",.0,"8",.0,"8",.0,"8",.0,"8",.0,"8",.0,"8",.0,"8",.0,"8",0,"",0,"8","R",0,"8",0,"8",0,"8"
"354180155","GDAŃSK-WIBNO","2023","01","10",5.1,"",2.6,"",3.8,"",.3,"",.0,"9","",0,"9",.0,"9",.1,"",.0,"8",.0,"8",.0,"8",.0,"8",.0,"8",.0,"8",.0,"8",.0,"8",.0,"8",.0,"8",.0,"8",.0,"8",.0,"8",.0,"8",.0,"8",.0,"8",0,"",0,"8","R",0,"8",0,"8",0,"8"
"354180155","GDAŃSK-WIBNO","2023","01","11",5.5,"",2.5,"",4.2,"",1.4,"",2.9,"","W",0,"9",.0,"9",1.3,"",.0,"8",.0,"8",.0,"8",.0,"8",.0,"8",.0,"8",.0,"8",.0,"8",.0,"8",.0,"8",.0,"8",.0,"8",.0,"8",.0,"8",.0,"8",.0,"8",0,"",0,"8","R",0,"8",0,"8",0,"8"
"354180155","GDAŃSK-WIBNO","2023","01","12",7.5,"",3.9,"",6.1,"",2.7,"",.2,"","W",0,"9",.0,"9",.4,"",.0,"8",.0,"8",.0,"8",.0,"8",.0,"8",.0,"8",.0,"8",.0,"8",.0,"8",.0,"8",.0,"8",.0,"8",.0,"8",.0,"8",.0,"8",.0,"8",0,"",0,"8","R",0,"8",0,"8",0,"8"
"354180155","GDAŃSK-WIBNO","2023","01","13",9.9,"",6.7,"",7.7,"",4.2,"",.8,"","W",0,"9",.0,"9",.1,"",.0,"8",.0,"8",.0,"8",.0,"8",.0,"8",.0,"8",.0,"8",.0,"8",.0,"8",.0,"8",.0,"8",.0,"8",.0,"8",.0,"8",.0,"8",.0,"8",0,"",0,"8","R",0,"8",0,"8",0,"8"
"354180155","GDAŃSK-WIBNO","2023","01","14",8.6,"",4.9,"",6.2,"",3.4,"",.0,"","W",0,"9",.0,"9",.0,"8",.0,"8",.0,"8",.0,"8",.0,"8",.0,"8",.0,"8",.0,"8",.0,"8",.0,"8",.0,"8",.0,"8",.0,"8",.0,"8",.0,"8",.0,"8",.0,"8",0,"",0,"8","R",0,"8",0,"8",0,"8"
"354180155","GDAŃSK-WIBNO","2023","01","15",7.1,"",4.5,"",5.6,"",3.1,"",2.3,"","W",0,"9",.0,"9",.0,"9",.0,"8",.0,"8",.0,"8",.0,"8",.0,"8",.0,"8",.0,"8",.0,"8",.0,"8",.0,"8",.0,"8",.0,"8",.0,"8",.0,"8",.0,"8",.0,"8",0,"",0,"8","R",0,"8",0,"8",0,"8"
"354180155","GDAŃSK-WIBNO","2023","01","16",4.6,"",1.4,"",2.3,"",-.1,"",.0,"","W",0,"9",.0,"9",3.5,"",.0,"8",.0,"8",.0,"8",.0,"8",.0,"8",.0,"8",.0,"8",.0,"8",.0,"8",.0,"8",.0,"8",.0,"8",.0,"8",.0,"8",.0,"8",.0,"8",0,"",0,"8","R",0,"8",0,"8",0,"8"
"354180155","GDAŃSK-WIBNO","2023","01","17",4.9,"",.5,"",3.3,"",-.1,"",.0,"","W",0,"9",.0,"9",.3,"",.0,"8",.0,"8",.0,"8",.0,"8",.0,"8",.0,"8",.0,"8",.0,"8",.0,"8",.0,"8",.0,"8",.0,"8",.0,"8",.0,"8",.0,"8",.0,"8",0,"",0,"8","R",0,"8",0,"8",0,"8"
"354180155","GDAŃSK-WIBNO","2023","01","18",3.8,"",-1.7,"",1.6,"",-3.3,"",.0,"9","",0,"9",.0,"9",.0,"9",.0,"8",.0,"8",.0,"8",.0,"8",.0,"8",.0,"8",.0,"8",.0,"8",.0,"8",.0,"8",.0,"8",.0,"8",.0,"8",.0,"8",.0,"8",.0,"8",0,"",0,"8","Z",0,"8",0,"8",0,"8"
"354180155","GDAŃSK-WIBNO","2023","01","19",3.9,"",-1.8,"",.3,"",-3.5,"",.0,"9","",0,"9",.0,"9",2.0,"",.0,"8",.0,"8",.0,"8",.0,"8",.0,"8",.0,"8",.0,"8",.0,"8",.0,"8",.0,"8",.0,"8",.0,"8",.0,"8",.0,"8",.0,"8",.0,"8",0,"",0,"8","Z",0,"8",0,"8",0,"8"
"354180155","GDAŃSK-WIBNO","2023","01","20",1.1,"",-2.8,"",-1.1,"",-3.8,"",.0,"9","",0,"9",.0,"9",.0,"9",.0,"8",.0,"8",.0,"8",.0,"8",.0,"8",.0,"8",.0,"8",.0,"8",.0,"8",.0,"8",.0,"8",.0,"8",.0,"8",.0,"8",.0,"8",.0,"8",0,"",0,"8","Z",0,"8",0,"8",0,"8"
"354180155","GDAŃSK-WIBNO","2023","01","21",3.4,"",-1.3,"",2.4,"",-1.0,"",6.2,"","S",0,"9",.0,"9",.0,"9",.0,"8",.0,"8",.0,"8",.0,"8",.0,"8",.0,"8",.0,"8",.0,"8",.0,"8",.0,"8",.0,"8",.0,"8",.0,"8",.0,"8",.0,"8",.0,"8",0,"",0,"8","R",0,"8",0,"8",0,"8"
"354180155","GDAŃSK-WIBNO","2023","01","22",1.8,"",.1,"",.8,"",.0,"",.0,"9","",0,"9",.0,"9",.0,"9",.0,"8",.0,"8",.0,"8",.0,"8",.0,"8",.0,"8",.0,"8",.0,"8",.0,"8",.0,"8",.0,"8",.0,"8",.0,"8",.0,"8",.0,"8",.0,"8",0,"",0,"8","R",0,"8",0,"8",0,"8"
"354180155","GDAŃSK-WIBNO","2023","01","23",.9,"",-.2,"",.1,"",-.5,"",.0,"9","",0,"9",.0,"9",.0,"9",.0,"8",.0,"8",.0,"8",.0,"8",.0,"8",.0,"8",.0,"8",.0,"8",.0,"8",.0,"8",.0,"8",.0,"8",.0,"8",.0,"8",.0,"8",.0,"8",0,"",0,"8","Z",0,"8",0,"8",0,"8"
"354180155","GDAŃSK-WIBNO","2023","01","24",.0,"",-1.1,"",-.6,"",-.9,"",.0,"9","",0,"9",.0,"9",.0,"9",.0,"8",.0,"8",.0,"8",.0,"8",.0,"8",.0,"8",.0,"8",.0,"8",.0,"8",.0,"8",.0,"8",.0,"8",.0,"8",.0,"8",.0,"8",.0,"8",0,"",0,"8","Z",0,"8",0,"8",0,"8"
"354180155","GDAŃSK-WIBNO","2023","01","25",-.2,"",-2.7,"",-2.0,"",-3.6,"",.0,"9","",0,"9",.0,"9",1.5,"",.0,"8",.0,"8",.0,"8",.0,"8",.0,"8",.0,"8",.0,"8",.0,"8",.0,"8",.0,"8",.0,"8",.0,"8",.0,"8",.0,"8",.0,"8",.0,"8",0,"",0,"8","Z",0,"8",0,"8",0,"8"
"354180155","GDAŃSK-WIBNO","2023","01","26",.1,"",-2.5,"",-1.0,"",-2.9,"",.0,"","W",0,"9",.0,"9",.0,"9",.0,"8",.0,"8",.0,"8",.0,"8",.0,"8",.0,"8",.0,"8",.0,"8",.0,"8",.0,"8",.0,"8",.0,"8",.0,"8",.0,"8",.0,"8",.0,"8",0,"",0,"8","Z",0,"8",0,"8",0,"8"
"354180155","GDAŃSK-WIBNO","2023","01","27",2.7,"",-.3,"",1.1,"",-.3,"",.0,"","W",0,"9",.0,"9",3.1,"",.0,"8",.0,"8",.0,"8",.0,"8",.0,"8",.0,"8",.0,"8",.0,"8",.0,"8",.0,"8",.0,"8",.0,"8",.0,"8",.0,"8",.0,"8",.0,"8",0,"",0,"8","Z",0,"8",0,"8",0,"8"
"354180155","GDAŃSK-WIBNO","2023","01","28",1.4,"",-1.2,"",-.6,"",-1.3,"",.0,"","S",0,"9",.0,"9",.0,"9",.0,"8",.0,"8",.0,"8",.0,"8",.0,"8",.0,"8",.0,"8",.0,"8",.0,"8",.0,"8",.0,"8",.0,"8",.0,"8",.0,"8",.0,"8",.0,"8",0,"",0,"8","",0,"8",0,"8",0,"8"
"354180155","GDAŃSK-WIBNO","2023","01","29",3.2,"",-1.1,"",1.1,"",-2.2,"",.0,"","S",0,"",.0,"9",.0,"9",.0,"8",.0,"8",.0,"8",.0,"8",.0,"8",.0,"8",.0,"8",.0,"8",.0,"8",.0,"8",.0,"8",.0,"8",.0,"8",.0,"8",.0,"8",.0,"8",0,"",0,"8","",0,"8",0,"8",0,"8"
"354180155","GDAŃSK-WIBNO","2023","01","30",6.0,"",1.4,"",3.0,"",1.0,"",.3,"","W",0,"9",.0,"9",1.6,"",.0,"8",.0,"8",.0,"8",.0,"8",.0,"8",.0,"8",.0,"8",.0,"8",.0,"8",.0,"8",.0,"8",.0,"8",.0,"8",.0,"8",.0,"8",.0,"8",0,"",0,"8","R",0,"8",0,"8",0,"8"
"354180155","GDAŃSK-WIBNO","2023","01","31",5.0,"",1.8,"",3.3,"",.2,"",.8,"","W",0,"9",.0,"9",3.6,"",.0,"8",.0,"8",.0,"8",.0,"8",.0,"8",.0,"8",.0,"8",.0,"8",.0,"8",.0,"8",.0,"8",.0,"8",.0,"8",.0,"8",.0,"8",.0,"8",0,"",0,"8","Z",0,"8",0,"8",0,"8"
"354180155","GDAŃSK-WIBNO","2023","02","01",5.6,"",1.9,"",3.3,"",.4,"",1.2,"","W",0,"9",.0,"9",.7,"",.0,"8",.0,"8",.0,"8",.0,"8",.0,"8",.0,"8",.0,"8",.0,"8",.0,"8",.0,"8",.0,"8",.0,"8",.0,"8",.0,"8",.0,"8",.0,"8",0,"",0,"8","R",0,"8",0,"8",0,"8"
"354180155","GDAŃSK-WIBNO","2023","02","02",4.1,"",.6,"",1.9,"",-.5,"",.8,"","S",0,"9",.0,"9",1.3,"",.0,"8",.0,"8",.0,"8",.0,"8",.0,"8",.0,"8",.0,"8",.0,"8",.0,"8",.0,"8",.0,"8",.0,"8",.0,"8",.0,"8",.0,"8",.0,"8",0,"",0,"8","R",0,"8",0,"8",0,"8"
"354180155","GDAŃSK-WIBNO","2023","02","03",1.0,"",-2.5,"",-.8,"",-3.8,"",.8,"","S",0,"",.0,"9",.0,"9",.0,"8",.0,"8",.0,"8",.0,"8",.0,"8",.0,"8",.0,"8",.0,"8",.0,"8",.0,"8",.0,"8",.0,"8",.0,"8",.0,"8",.0,"8",.0,"8",0,"",0,"8","Z",0,"8",0,"8",0,"8"
"354180155","GDAŃSK-WIBNO","2023","02","04",1.7,"",-1.1,"",.8,"",-2.3,"",.3,"","S",4,"",.0,"9",2.6,"",.0,"8",.0,"8",.0,"8",.0,"8",.0,"8",.0,"8",.0,"8",.0,"8",.0,"8",.0,"8",.0,"8",.0,"8",.0,"8",.0,"8",.0,"8",.0,"8",1,"",0,"8","Z",0,"8",0,"8",0,"8"
"354180155","GDAŃSK-WIBNO","2023","02","05",.8,"",-6.1,"",-2.5,"",-6.9,"",.0,"","S",6,"",1.2,"",.2,"",.0,"8",.0,"8",.0,"8",.0,"8",.0,"8",.0,"8",.0,"8",.0,"8",.0,"8",.0,"8",.0,"8",.0,"8",.0,"8",.0,"8",.0,"8",.0,"8",1,"",0,"8","",0,"8",0,"8",0,"8"
"354180155","GDAŃSK-WIBNO","2023","02","06",1.7,"",-5.2,"",-.8,"",-7.0,"",.1,"","S",6,"",1.2,"",1.2,"",.0,"8",.0,"8",.0,"8",.0,"8",.0,"8",.0,"8",.0,"8",.0,"8",.0,"8",.0,"8",.0,"8",.0,"8",.0,"8",.0,"8",.0,"8",.0,"8",1,"",0,"8","Z",0,"8",0,"8",0,"8"
"354180155","GDAŃSK-WIBNO","2023","02","07",1.7,"",-2.8,"",-.5,"",-8.1,"",.0,"9","",5,"",1.6,"",5.8,"",.0,"8",.0,"8",.0,"8",.0,"8",.0,"8",.0,"8",.0,"8",.0,"8",.0,"8",.0,"8",.0,"8",.0,"8",.0,"8",.0,"8",.0,"8",.0,"8",1,"",0,"8","Z",0,"8",0,"8",0,"8"
"354180155","GDAŃSK-WIBNO","2023","02","08",.8,"",-2.6,"",-1.4,"",-5.3,"",.0,"9","",5,"",2.2,"",2.3,"",.0,"8",.0,"8",.0,"8",.0,"8",.0,"8",.0,"8",.0,"8",.0,"8",.0,"8",.0,"8",.0,"8",.0,"8",.0,"8",.0,"8",.0,"8",.0,"8",1,"",0,"8","Z",0,"8",0,"8",0,"8"
"354180155","GDAŃSK-WIBNO","2023","02","09",-.8,"",-6.2,"",-3.2,"",-6.9,"",.0,"9","",4,"",.0,"9",7.2,"",.0,"8",.0,"8",.0,"8",.0,"8",.0,"8",.0,"8",.0,"8",.0,"8",.0,"8",.0,"8",.0,"8",.0,"8",.0,"8",.0,"8",.0,"8",.0,"8",1,"",0,"8","Z",0,"8",0,"8",0,"8"
"354180155","GDAŃSK-WIBNO","2023","02","10",5.3,"",-2.3,"",2.2,"",-4.8,"",.0,"","W",4,"",.0,"9",4.1,"",.0,"8",.0,"8",.0,"8",.0,"8",.0,"8",.0,"8",.0,"8",.0,"8",.0,"8",.0,"8",.0,"8",.0,"8",.0,"8",.0,"8",.0,"8",.0,"8",1,"",0,"8","Z",0,"8",0,"8",0,"8"
"354180155","GDAŃSK-WIBNO","2023","02","11",7.7,"",1.8,"",4.0,"",.3,"",.0,"","W",0,"9",.0,"9",.0,"9",.0,"8",.0,"8",.0,"8",.0,"8",.0,"8",.0,"8",.0,"8",.0,"8",.0,"8",.0,"8",.0,"8",.0,"8",.0,"8",.0,"8",.0,"8",.0,"8",0,"",0,"8","Z",0,"8",0,"8",0,"8"
"354180155","GDAŃSK-WIBNO","2023","02","12",4.7,"",-1.7,"",2.5,"",-3.7,"",.0,"9","",0,"9",.0,"9",5.5,"",.0,"8",.0,"8",.0,"8",.0,"8",.0,"8",.0,"8",.0,"8",.0,"8",.0,"8",.0,"8",.0,"8",.0,"8",.0,"8",.0,"8",.0,"8",.0,"8",0,"",0,"8","Z",0,"8",0,"8",0,"8"
"354180155","GDAŃSK-WIBNO","2023","02","13",8.9,"",2.2,"",5.7,"",.5,"",.0,"9","",0,"9",.0,"9",3.4,"",.0,"8",.0,"8",.0,"8",.0,"8",.0,"8",.0,"8",.0,"8",.0,"8",.0,"8",.0,"8",.0,"8",.0,"8",.0,"8",.0,"8",.0,"8",.0,"8",0,"",0,"8","R",0,"8",0,"8",0,"8"
"354180155","GDAŃSK-WIBNO","2023","02","14",6.5,"",.9,"",3.4,"",-1.5,"",.0,"9","",0,"9",.0,"9",8.7,"",.0,"8",.0,"8",.0,"8",.0,"8",.0,"8",.0,"8",.0,"8",.0,"8",.0,"8",.0,"8",.0,"8",.0,"8",.0,"8",.0,"8",.0,"8",.0,"8",0,"",0,"8","R",0,"8",0,"8",0,"8"
"354180155","GDAŃSK-WIBNO","2023","02","15",4.4,"",1.9,"",2.8,"",1.6,"",.0,"9","",0,"9",.0,"9",.0,"9",.0,"8",.0,"8",.0,"8",.0,"8",.0,"8",.0,"8",.0,"8",.0,"8",.0,"8",.0,"8",.0,"8",.0,"8",.0,"8",.0,"8",.0,"8",.0,"8",0,"",0,"8","R",0,"8",0,"8",0,"8"
"354180155","GDAŃSK-WIBNO","2023","02","16",6.3,"",1.3,"",3.2,"",1.5,"",.0,"","W",0,"9",.0,"9",2.6,"",.0,"8",.0,"8",.0,"8",.0,"8",.0,"8",.0,"8",.0,"8",.0,"8",.0,"8",.0,"8",.0,"8",.0,"8",.0,"8",.0,"8",.0,"8",.0,"8",0,"",0,"8","R",0,"8",0,"8",0,"8"
"354180155","GDAŃSK-WIBNO","2023","02","17",8.2,"",3.7,"",6.3,"",2.2,"",4.6,"","W",0,"9",.0,"9",.0,"9",.0,"8",.0,"8",.0,"8",.0,"8",.0,"8",.0,"8",.0,"8",.0,"8",.0,"8",.0,"8",.0,"8",.0,"8",.0,"8",.0,"8",.0,"8",.0,"8",0,"",0,"8","R",0,"8",0,"8",0,"8"
"354180155","GDAŃSK-WIBNO","2023","02","18",9.3,"",4.8,"",6.0,"",3.8,"",.0,"9","",0,"9",.0,"9",4.4,"",.0,"8",.0,"8",.0,"8",.0,"8",.0,"8",.0,"8",.0,"8",.0,"8",.0,"8",.0,"8",.0,"8",.0,"8",.0,"8",.0,"8",.0,"8",.0,"8",0,"",0,"8","R",0,"8",0,"8",0,"8"
"354180155","GDAŃSK-WIBNO","2023","02","19",6.0,"",1.5,"",3.0,"",.1,"",.2,"","W",0,"9",.0,"9",7.5,"",.0,"8",.0,"8",.0,"8",.0,"8",.0,"8",.0,"8",.0,"8",.0,"8",.0,"8",.0,"8",.0,"8",.0,"8",.0,"8",.0,"8",.0,"8",.0,"8",0,"",0,"8","R",0,"8",0,"8",0,"8"
"354180155","GDAŃSK-WIBNO","2023","02","20",8.4,"",.3,"",5.0,"",-.9,"",3.2,"","W",0,"9",.0,"9",.0,"9",.0,"8",.0,"8",.0,"8",.0,"8",.0,"8",.0,"8",.0,"8",.0,"8",.0,"8",.0,"8",.0,"8",.0,"8",.0,"8",.0,"8",.0,"8",.0,"8",0,"",0,"8","R",0,"8",0,"8",0,"8"
"354180155","GDAŃSK-WIBNO","2023","02","21",8.1,"",4.3,"",6.0,"",3.8,"",.0,"","W",0,"9",.0,"9",1.7,"",.0,"8",.0,"8",.0,"8",.0,"8",.0,"8",.0,"8",.0,"8",.0,"8",.0,"8",.0,"8",.0,"8",.0,"8",.0,"8",.0,"8",.0,"8",.0,"8",0,"",0,"8","R",0,"8",0,"8",0,"8"
"354180155","GDAŃSK-WIBNO","2023","02","22",4.4,"",.7,"",1.7,"",.4,"",.0,"9","",0,"9",.0,"9",.0,"9",.0,"8",.0,"8",.0,"8",.0,"8",.0,"8",.0,"8",.0,"8",.0,"8",.0,"8",.0,"8",.0,"8",.0,"8",.0,"8",.0,"8",.0,"8",.0,"8",0,"",0,"8","R",0,"8",0,"8",0,"8"
"354180155","GDAŃSK-WIBNO","2023","02","23",4.3,"",-1.8,"",1.4,"",-2.0,"",.7,"","W",0,"9",.0,"9",3.7,"",.0,"8",.0,"8",.0,"8",.0,"8",.0,"8",.0,"8",.0,"8",.0,"8",.0,"8",.0,"8",.0,"8",.0,"8",.0,"8",.0,"8",.0,"8",.0,"8",0,"",0,"8","Z",0,"8",0,"8",0,"8"
"354180155","GDAŃSK-WIBNO","2023","02","24",4.7,"",2.4,"",3.5,"",2.0,"",.8,"","S",0,"9",.0,"9",.2,"",.0,"8",.0,"8",.0,"8",.0,"8",.0,"8",.0,"8",.0,"8",.0,"8",.0,"8",.0,"8",.0,"8",.0,"8",.0,"8",.0,"8",.0,"8",.0,"8",0,"",0,"8","R",0,"8",0,"8",0,"8"
"354180155","GDAŃSK-WIBNO","2023","02","25",3.5,"",.4,"",1.6,"",-.2,"",1.3,"","S",0,"9",.0,"9",.0,"9",.0,"8",.0,"8",.0,"8",.0,"8",.0,"8",.0,"8",.0,"8",.0,"8",.0,"8",.0,"8",.0,"8",.0,"8",.0,"8",.0,"8",.0,"8",.0,"8",0,"",0,"8","R",0,"8",0,"8",0,"8"
"354180155","GDAŃSK-WIBNO","2023","02","26",2.3,"",-.4,"",1.3,"",-.7,"",.7,"","S",2,"",.0,"9",.2,"",.0,"8",.0,"8",.0,"8",.0,"8",.0,"8",.0,"8",.0,"8",.0,"8",.0,"8",.0,"8",.0,"8",.0,"8",.0,"8",.0,"8",.0,"8",.0,"8",1,"",0,"8","R",0,"8",0,"8",0,"8"
"354180155","GDAŃSK-WIBNO","2023","02","27",3.2,"",.0,"",1.2,"",-2.4,"",.0,"9","",1,"",.0,"9",3.3,"",.0,"8",.0,"8",.0,"8",.0,"8",.0,"8",.0,"8",.0,"8",.0,"8",.0,"8",.0,"8",.0,"8",.0,"8",.0,"8",.0,"8",.0,"8",.0,"8",1,"",0,"8","Z",0,"8",0,"8",0,"8"
"354180155","GDAŃSK-WIBNO","2023","02","28",5.2,"",-6.4,"",-.9,"",-6.9,"",.0,"9","",0,"9",.0,"9",10.0,"",.0,"8",.0,"8",.0,"8",.0,"8",.0,"8",.0,"8",.0,"8",.0,"8",.0,"8",.0,"8",.0,"8",.0,"8",.0,"8",.0,"8",.0,"8",.0,"8",0,"",0,"8","Z",0,"8",0,"8",0,"8"
"354180155","GDAŃSK-WIBNO","2023","03","01",6.7,"",-2.0,"",2.0,"",-3.4,"",.0,"9","",0,"9",.0,"9",9.2,"",.0,"8",.0,"8",.0,"8",.0,"8",.0,"8",.0,"8",.0,"8",.0,"8",.0,"8",.0,"8",.0,"8",.0,"8",.0,"8",.0,"8",.0,"8",.0,"8",0,"",0,"8","Z",0,"8",0,"8",0,"8"
"354180155","GDAŃSK-WIBNO","2023","03","02",7.0,"",-2.6,"",1.3,"",-3.9,"",.0,"9","",0,"9",.0,"9",10.1,"",.0,"8",.0,"8",.0,"8",.0,"8",.0,"8",.0,"8",.0,"8",.0,"8",.0,"8",.0,"8",.0,"8",.0,"8",.0,"8",.0,"8",.0,"8",.0,"8",0,"",0,"8","Z",0,"8",0,"8",0,"8"
"354180155","GDAŃSK-WIBNO","2023","03","03",8.3,"",-2.8,"",2.6,"",-4.0,"",.0,"9","",0,"9",.0,"9",9.0,"",.0,"8",.0,"8",.0,"8",.0,"8",.0,"8",.0,"8",.0,"8",.0,"8",.0,"8",.0,"8",.0,"8",.0,"8",.0,"8",.0,"8",.0,"8",.0,"8",0,"",0,"8","Z",0,"8",0,"8",0,"8"
"354180155","GDAŃSK-WIBNO","2023","03","04",4.0,"",.5,"",1.9,"",.1,"",.0,"","S",0,"9",.0,"9",2.8,"",.0,"8",.0,"8",.0,"8",.0,"8",.0,"8",.0,"8",.0,"8",.0,"8",.0,"8",.0,"8",.0,"8",.0,"8",.0,"8",.0,"8",.0,"8",.0,"8",0,"",0,"8","",0,"8",0,"8",0,"8"
"354180155","GDAŃSK-WIBNO","2023","03","05",3.5,"",-4.1,"",-.7,"",-5.8,"",.0,"9","",1,"",.0,"9",8.6,"",.0,"8",.0,"8",.0,"8",.0,"8",.0,"8",.0,"8",.0,"8",.0,"8",.0,"8",.0,"8",.0,"8",.0,"8",.0,"8",.0,"8",.0,"8",.0,"8",1,"",0,"8","Z",0,"8",0,"8",0,"8"
"354180155","GDAŃSK-WIBNO","2023","03","06",4.2,"",-4.2,"",-1.0,"",-5.2,"",.0,"","S",0,"9",.0,"9",6.2,"",.0,"8",.0,"8",.0,"8",.0,"8",.0,"8",.0,"8",.0,"8",.0,"8",.0,"8",.0,"8",.0,"8",.0,"8",.0,"8",.0,"8",.0,"8",.0,"8",0,"",0,"8","",0,"8",0,"8",0,"8"
"354180155","GDAŃSK-WIBNO","2023","03","07",2.7,"",-4.9,"",-1.0,"",-7.1,"",.0,"","S",0,"",.0,"9",2.2,"",.0,"8",.0,"8",.0,"8",.0,"8",.0,"8",.0,"8",.0,"8",.0,"8",.0,"8",.0,"8",.0,"8",.0,"8",.0,"8",.0,"8",.0,"8",.0,"8",0,"",0,"8","",0,"8",0,"8",0,"8"
"354180155","GDAŃSK-WIBNO","2023","03","08",4.5,"",-1.6,"",.3,"",-2.8,"",.0,"","S",0,"",.0,"9",8.6,"",.0,"8",.0,"8",.0,"8",.0,"8",.0,"8",.0,"8",.0,"8",.0,"8",.0,"8",.0,"8",.0,"8",.0,"8",.0,"8",.0,"8",.0,"8",.0,"8",0,"",0,"8","",0,"8",0,"8",0,"8"
"354180155","GDAŃSK-WIBNO","2023","03","09",1.9,"",-5.5,"",-1.4,"",-6.9,"",.0,"","S",0,"9",.0,"9",5.9,"",.0,"8",.0,"8",.0,"8",.0,"8",.0,"8",.0,"8",.0,"8",.0,"8",.0,"8",.0,"8",.0,"8",.0,"8",.0,"8",.0,"8",.0,"8",.0,"8",0,"",0,"8","",0,"8",0,"8",0,"8"
"354180155","GDAŃSK-WIBNO","2023","03","10",.4,"",-2.1,"",-.7,"",-2.1,"",2.9,"","S",2,"",.0,"9",.0,"9",.0,"8",.0,"8",.0,"8",.0,"8",.0,"8",.0,"8",.0,"8",.0,"8",.0,"8",.0,"8",.0,"8",.0,"8",.0,"8",.0,"8",.0,"8",.0,"8",1,"",0,"8","Z",0,"8",0,"8",0,"8"
"354180155","GDAŃSK-WIBNO","2023","03","11",1.6,"",-.4,"",.1,"",-.9,"",.5,"","S",7,"",1.1,"",.4,"",.0,"8",.0,"8",.0,"8",.0,"8",.0,"8",.0,"8",.0,"8",.0,"8",.0,"8",.0,"8",.0,"8",.0,"8",.0,"8",.0,"8",.0,"8",.0,"8",1,"",0,"8","Z",0,"8",0,"8",0,"8"
"354180155","GDAŃSK-WIBNO","2023","03","12",3.6,"",-1.9,"",-.2,"",-7.1,"",.5,"","S",6,"",1.2,"",7.0,"",.0,"8",.0,"8",.0,"8",.0,"8",.0,"8",.0,"8",.0,"8",.0,"8",.0,"8",.0,"8",.0,"8",.0,"8",.0,"8",.0,"8",.0,"8",.0,"8",1,"",0,"8","Z",0,"8",0,"8",0,"8"
"354180155","GDAŃSK-WIBNO","2023","03","13",7.9,"",-3.2,"",3.3,"",-7.0,"",.8,"","W",5,"",1.6,"",.0,"9",.0,"8",.0,"8",.0,"8",.0,"8",.0,"8",.0,"8",.0,"8",.0,"8",.0,"8",.0,"8",.0,"8",.0,"8",.0,"8",.0,"8",.0,"8",.0,"8",1,"",0,"8","Z",0,"8",0,"8",0,"8"
"354180155","GDAŃSK-WIBNO","2023","03","14",14.4,"",6.5,"",9.3,"",5.2,"",.8,"","W",0,"9",.0,"9",2.4,"",.0,"8",.0,"8",.0,"8",.0,"8",.0,"8",.0,"8",.0,"8",.0,"8",.0,"8",.0,"8",.0,"8",.0,"8",.0,"8",.0,"8",.0,"8",.0,"8",0,"",0,"8","R",0,"8",0,"8",0,"8"
"354180155","GDAŃSK-WIBNO","2023","03","15",11.2,"",1.3,"",3.2,"",.3,"",.0,"9","",0,"9",.0,"9",4.7,"",.0,"8",.0,"8",.0,"8",.0,"8",.0,"8",.0,"8",.0,"8",.0,"8",.0,"8",.0,"8",.0,"8",.0,"8",.0,"8",.0,"8",.0,"8",.0,"8",0,"",0,"8","R",0,"8",0,"8",0,"8"
"354180155","GDAŃSK-WIBNO","2023","03","16",5.0,"",-2.3,"",.9,"",-3.9,"",.1,"","W",0,"9",.0,"9",3.1,"",.0,"8",.0,"8",.0,"8",.0,"8",.0,"8",.0,"8",.0,"8",.0,"8",.0,"8",.0,"8",.0,"8",.0,"8",.0,"8",.0,"8",.0,"8",.0,"8",0,"",0,"8","Z",0,"8",0,"8",0,"8"
"354180155","GDAŃSK-WIBNO","2023","03","17",8.1,"",-2.3,"",2.8,"",-3.8,"",.0,"9","",0,"9",.0,"9",4.5,"",.0,"8",.0,"8",.0,"8",.0,"8",.0,"8",.0,"8",.0,"8",.0,"8",.0,"8",.0,"8",.0,"8",.0,"8",.0,"8",.0,"8",.0,"8",.0,"8",0,"",0,"8","Z",0,"8",0,"8",0,"8"
"354180155","GDAŃSK-WIBNO","2023","03","18",10.4,"",2.0,"",6.0,"",1.3,"",.0,"9","",0,"9",.0,"9",3.0,"",.0,"8",.0,"8",.0,"8",.0,"8",.0,"8",.0,"8",.0,"8",.0,"8",.0,"8",.0,"8",.0,"8",.0,"8",.0,"8",.0,"8",.0,"8",.0,"8",0,"",0,"8","R",0,"8",0,"8",0,"8"
"354180155","GDAŃSK-WIBNO","2023","03","19",16.3,"",2.2,"",7.9,"",.4,"",.3,"","W",0,"9",.0,"9",8.6,"",.0,"8",.0,"8",.0,"8",.0,"8",.0,"8",.0,"8",.0,"8",.0,"8",.0,"8",.0,"8",.0,"8",.0,"8",.0,"8",.0,"8",.0,"8",.0,"8",0,"",0,"8","R",0,"8",0,"8",0,"8"
"354180155","GDAŃSK-WIBNO","2023","03","20",14.8,"",5.5,"",8.4,"",4.4,"",.0,"","W",0,"9",.0,"9",2.8,"",.0,"8",.0,"8",.0,"8",.0,"8",.0,"8",.0,"8",.0,"8",.0,"8",.0,"8",.0,"8",.0,"8",.0,"8",.0,"8",.0,"8",.0,"8",.0,"8",0,"",0,"8","R",0,"8",0,"8",0,"8"
"354180155","GDAŃSK-WIBNO","2023","03","21",8.3,"",3.8,"",5.9,"",1.6,"",.8,"","W",0,"9",.0,"9",6.3,"",.0,"8",.0,"8",.0,"8",.0,"8",.0,"8",.0,"8",.0,"8",.0,"8",.0,"8",.0,"8",.0,"8",.0,"8",.0,"8",.0,"8",.0,"8",.0,"8",0,"",0,"8","R",0,"8",0,"8",0,"8"
"354180155","GDAŃSK-WIBNO","2023","03","22",13.2,"",3.4,"",9.2,"",1.0,"",.2,"","W",0,"9",.0,"9",1.8,"",.0,"8",.0,"8",.0,"8",.0,"8",.0,"8",.0,"8",.0,"8",.0,"8",.0,"8",.0,"8",.0,"8",.0,"8",.0,"8",.0,"8",.0,"8",.0,"8",0,"",0,"8","R",0,"8",0,"8",0,"8"
"354180155","GDAŃSK-WIBNO","2023","03","23",12.9,"",7.4,"",10.3,"",5.6,"",2.7,"","W",0,"9",.0,"9",.2,"",.0,"8",.0,"8",.0,"8",.0,"8",.0,"8",.0,"8",.0,"8",.0,"8",.0,"8",.0,"8",.0,"8",.0,"8",.0,"8",.0,"8",.0,"8",.0,"8",0,"",0,"8","R",0,"8",0,"8",0,"8"
"354180155","GDAŃSK-WIBNO","2023","03","24",14.9,"",6.0,"",9.7,"",4.0,"",.5,"","W",0,"9",.0,"9",1.0,"",.0,"8",.0,"8",.0,"8",.0,"8",.0,"8",.0,"8",.0,"8",.0,"8",.0,"8",.0,"8",.0,"8",.0,"8",.0,"8",.0,"8",.0,"8",.0,"8",0,"",0,"8","R",0,"8",0,"8",0,"8"
"354180155","GDAŃSK-WIBNO","2023","03","25",13.8,"",4.4,"",7.8,"",1.7,"",1.6,"","W",0,"9",.0,"9",7.1,"",.0,"8",.0,"8",.0,"8",.0,"8",.0,"8",.0,"8",.0,"8",.0,"8",.0,"8",.0,"8",.0,"8",.0,"8",.0,"8",.0,"8",.0,"8",.0,"8",0,"",0,"8","R",0,"8",0,"8",0,"8"
"354180155","GDAŃSK-WIBNO","2023","03","26",10.0,"",5.2,"",6.1,"",3.2,"",.5,"","W",0,"9",.0,"9",1.6,"",.0,"8",.0,"8",.0,"8",.0,"8",.0,"8",.0,"8",.0,"8",.0,"8",.0,"8",.0,"8",.0,"8",.0,"8",.0,"8",.0,"8",.0,"8",.0,"8",0,"",0,"8","R",0,"8",0,"8",0,"8"
"354180155","GDAŃSK-WIBNO","2023","03","27",5.2,"",-.4,"",1.1,"",-1.4,"",.6,"","S",0,"9",.0,"9",2.1,"",.0,"8",.0,"8",.0,"8",.0,"8",.0,"8",.0,"8",.0,"8",.0,"8",.0,"8",.0,"8",.0,"8",.0,"8",.0,"8",.0,"8",.0,"8",.0,"8",0,"",0,"8","R",0,"8",0,"8",0,"8"
"354180155","GDAŃSK-WIBNO","2023","03","28",1.8,"",-2.5,"",-.4,"",-4.3,"",.1,"","S",1,"",.0,"9",6.4,"",.0,"8",.0,"8",.0,"8",.0,"8",.0,"8",.0,"8",.0,"8",.0,"8",.0,"8",.0,"8",.0,"8",.0,"8",.0,"8",.0,"8",.0,"8",.0,"8",1,"",0,"8","Z",0,"8",0,"8",0,"8"
"354180155","GDAŃSK-WIBNO","2023","03","29",9.2,"",-4.0,"",3.6,"",-5.0,"",.0,"9","",0,"9",.0,"9",9.6,"",.0,"8",.0,"8",.0,"8",.0,"8",.0,"8",.0,"8",.0,"8",.0,"8",.0,"8",.0,"8",.0,"8",.0,"8",.0,"8",.0,"8",.0,"8",.0,"8",0,"",0,"8","Z",0,"8",0,"8",0,"8"
"354180155","GDAŃSK-WIBNO","2023","03","30",11.8,"",4.5,"",7.7,"",3.0,"",3.3,"","W",0,"9",.0,"9",2.8,"",.0,"8",.0,"8",.0,"8",.0,"8",.0,"8",.0,"8",.0,"8",.0,"8",.0,"8",.0,"8",.0,"8",.0,"8",.0,"8",.0,"8",.0,"8",.0,"8",0,"",0,"8","R",0,"8",0,"8",0,"8"
"354180155","GDAŃSK-WIBNO","2023","03","31",13.6,"",7.2,"",9.0,"",6.1,"",1.9,"","W",0,"9",.0,"9",1.1,"",.0,"8",.0,"8",.0,"8",.0,"8",.0,"8",.0,"8",.0,"8",.0,"8",.0,"8",.0,"8",.0,"8",.0,"8",.0,"8",.0,"8",.0,"8",.0,"8",0,"",0,"8","R",0,"8",0,"8",0,"8"
"354180155","GDAŃSK-WIBNO","2023","04","01",7.2,"",2.7,"",3.5,"",2.7,"",1.5,"","W",0,"9",.0,"9",.0,"9",.0,"8",.0,"8",.0,"8",.0,"8",.0,"8",.0,"8",.0,"8",.0,"8",.0,"8",.0,"8",.0,"8",.0,"8",.0,"8",.0,"8",.0,"8",.0,"8",0,"",0,"8","R",0,"8",0,"8",0,"8"
"354180155","GDAŃSK-WIBNO","2023","04","02",5.0,"",1.5,"",3.4,"",1.2,"",.0,"9","",0,"9",.0,"9",6.7,"",.0,"8",.0,"8",.0,"8",.0,"8",.0,"8",.0,"8",.0,"8",.0,"8",.0,"8",.0,"8",.0,"8",.0,"8",.0,"8",.0,"8",.0,"8",.0,"8",0,"",0,"8","R",0,"8",0,"8",0,"8"
"354180155","GDAŃSK-WIBNO","2023","04","03",4.2,"",1.9,"",2.6,"",1.2,"",.0,"","W",0,"9",.0,"9",6.1,"",.0,"8",.0,"8",.0,"8",.0,"8",.0,"8",.0,"8",.0,"8",.0,"8",.0,"8",.0,"8",.0,"8",.0,"8",.0,"8",.0,"8",.0,"8",.0,"8",0,"",0,"8","R",0,"8",0,"8",0,"8"
"354180155","GDAŃSK-WIBNO","2023","04","04",2.9,"",1.1,"",1.8,"",.7,"",.0,"","W",0,"9",.0,"9",1.1,"",.0,"8",.0,"8",.0,"8",.0,"8",.0,"8",.0,"8",.0,"8",.0,"8",.0,"8",.0,"8",.0,"8",.0,"8",.0,"8",.0,"8",.0,"8",.0,"8",0,"",0,"8","R",0,"8",0,"8",0,"8"
"354180155","GDAŃSK-WIBNO","2023","04","05",3.7,"",1.2,"",2.0,"",-.1,"",.0,"","W",0,"9",.0,"9",4.3,"",.0,"8",.0,"8",.0,"8",.0,"8",.0,"8",.0,"8",.0,"8",.0,"8",.0,"8",.0,"8",.0,"8",.0,"8",.0,"8",.0,"8",.0,"8",.0,"8",0,"",0,"8","R",0,"8",0,"8",0,"8"
"354180155","GDAŃSK-WIBNO","2023","04","06",3.9,"",-2.2,"",2.1,"",-4.5,"",.0,"9","",0,"9",.0,"9",6.8,"",.0,"8",.0,"8",.0,"8",.0,"8",.0,"8",.0,"8",.0,"8",.0,"8",.0,"8",.0,"8",.0,"8",.0,"8",.0,"8",.0,"8",.0,"8",.0,"8",0,"",0,"8","Z",0,"8",0,"8",0,"8"
"354180155","GDAŃSK-WIBNO","2023","04","07",7.0,"",2.9,"",4.9,"",2.9,"",.1,"","W",0,"9",.0,"9",2.2,"",.0,"8",.0,"8",.0,"8",.0,"8",.0,"8",.0,"8",.0,"8",.0,"8",.0,"8",.0,"8",.0,"8",.0,"8",.0,"8",.0,"8",.0,"8",.0,"8",0,"",0,"8","R",0,"8",0,"8",0,"8"
"354180155","GDAŃSK-WIBNO","2023","04","08",12.6,"",4.7,"",7.1,"",3.2,"",.0,"9","",0,"9",.0,"9",8.9,"",.0,"8",.0,"8",.0,"8",.0,"8",.0,"8",.0,"8",.0,"8",.0,"8",.0,"8",.0,"8",.0,"8",.0,"8",.0,"8",.0,"8",.0,"8",.0,"8",0,"",0,"8","R",0,"8",0,"8",0,"8"
"354180155","GDAŃSK-WIBNO","2023","04","09",8.0,"",4.6,"",5.6,"",4.3,"",.0,"","W",0,"9",.0,"9",9.1,"",.0,"8",.0,"8",.0,"8",.0,"8",.0,"8",.0,"8",.0,"8",.0,"8",.0,"8",.0,"8",.0,"8",.0,"8",.0,"8",.0,"8",.0,"8",.0,"8",0,"",0,"8","R",0,"8",0,"8",0,"8"
"354180155","GDAŃSK-WIBNO","2023","04","10",10.0,"",3.4,"",6.4,"",2.0,"",.0,"9","",0,"9",.0,"9",12.0,"",.0,"8",.0,"8",.0,"8",.0,"8",.0,"8",.0,"8",.0,"8",.0,"8",.0,"8",.0,"8",.0,"8",.0,"8",.0,"8",.0,"8",.0,"8",.0,"8",0,"",0,"8","R",0,"8",0,"8",0,"8"
"354180155","GDAŃSK-WIBNO","2023","04","11",16.6,"",2.7,"",9.9,"",.3,"",.0,"","W",0,"9",.0,"9",9.5,"",.0,"8",.0,"8",.0,"8",.0,"8",.0,"8",.0,"8",.0,"8",.0,"8",.0,"8",.0,"8",.0,"8",.0,"8",.0,"8",.0,"8",.0,"8",.0,"8",0,"",0,"8","R",0,"8",0,"8",0,"8"
"354180155","GDAŃSK-WIBNO","2023","04","12",11.7,"",5.9,"",7.6,"",5.7,"",.0,"9","",0,"9",.0,"9",2.7,"",.0,"8",.0,"8",.0,"8",.0,"8",.0,"8",.0,"8",.0,"8",.0,"8",.0,"8",.0,"8",.0,"8",.0,"8",.0,"8",.0,"8",.0,"8",.0,"8",0,"",0,"8","R",0,"8",0,"8",0,"8"
"354180155","GDAŃSK-WIBNO","2023","04","13",14.0,"",5.3,"",9.6,"",2.6,"",.1,"","W",0,"9",.0,"9",8.8,"",.0,"8",.0,"8",.0,"8",.0,"8",.0,"8",.0,"8",.0,"8",.0,"8",.0,"8",.0,"8",.0,"8",.0,"8",.0,"8",.0,"8",.0,"8",.0,"8",0,"",0,"8","R",0,"8",0,"8",0,"8"
"354180155","GDAŃSK-WIBNO","2023","04","14",13.9,"",8.6,"",10.9,"",7.6,"",.0,"9","",0,"9",.0,"9",7.6,"",.0,"8",.0,"8",.0,"8",.0,"8",.0,"8",.0,"8",.0,"8",.0,"8",.0,"8",.0,"8",.0,"8",.0,"8",.0,"8",.0,"8",.0,"8",.0,"8",0,"",0,"8","R",0,"8",0,"8",0,"8"
"354180155","GDAŃSK-WIBNO","2023","04","15",12.6,"",8.2,"",10.4,"",7.7,"",.7,"","W",0,"9",.0,"9",1.7,"",.0,"8",.0,"8",.0,"8",.0,"8",.0,"8",.0,"8",.0,"8",.0,"8",.0,"8",.0,"8",.0,"8",.0,"8",.0,"8",.0,"8",.0,"8",.0,"8",0,"",0,"8","R",0,"8",0,"8",0,"8"
"354180155","GDAŃSK-WIBNO","2023","04","16",10.3,"",5.7,"",6.6,"",5.1,"",.4,"","W",0,"9",.0,"9",2.0,"",.0,"8",.0,"8",.0,"8",.0,"8",.0,"8",.0,"8",.0,"8",.0,"8",.0,"8",.0,"8",.0,"8",.0,"8",.0,"8",.0,"8",.0,"8",.0,"8",0,"",0,"8","R",0,"8",0,"8",0,"8"
"354180155","GDAŃSK-WIBNO","2023","04","17",7.7,"",5.4,"",6.8,"",4.9,"",.0,"9","",0,"9",.0,"9",1.3,"",.0,"8",.0,"8",.0,"8",.0,"8",.0,"8",.0,"8",.0,"8",.0,"8",.0,"8",.0,"8",.0,"8",.0,"8",.0,"8",.0,"8",.0,"8",.0,"8",0,"",0,"8","R",0,"8",0,"8",0,"8"
"354180155","GDAŃSK-WIBNO","2023","04","18",9.3,"",6.5,"",7.4,"",6.5,"",.0,"9","",0,"9",.0,"9",5.5,"",.0,"8",.0,"8",.0,"8",.0,"8",.0,"8",.0,"8",.0,"8",.0,"8",.0,"8",.0,"8",.0,"8",.0,"8",.0,"8",.0,"8",.0,"8",.0,"8",0,"",0,"8","R",0,"8",0,"8",0,"8"
"354180155","GDAŃSK-WIBNO","2023","04","19",8.8,"",5.0,"",7.2,"",4.2,"",1.3,"","W",0,"9",.0,"9",5.2,"",.0,"8",.0,"8",.0,"8",.0,"8",.0,"8",.0,"8",.0,"8",.0,"8",.0,"8",.0,"8",.0,"8",.0,"8",.0,"8",.0,"8",.0,"8",.0,"8",0,"",0,"8","R",0,"8",0,"8",0,"8"
"354180155","GDAŃSK-WIBNO","2023","04","20",11.7,"",7.5,"",9.4,"",4.7,"",.0,"9","",0,"9",.0,"9",12.4,"",.0,"8",.0,"8",.0,"8",.0,"8",.0,"8",.0,"8",.0,"8",.0,"8",.0,"8",.0,"8",.0,"8",.0,"8",.0,"8",.0,"8",.0,"8",.0,"8",0,"",0,"8","R",0,"8",0,"8",0,"8"
"354180155","GDAŃSK-WIBNO","2023","04","21",11.1,"",6.3,"",8.7,"",3.6,"",.0,"9","",0,"9",.0,"9",12.7,"",.0,"8",.0,"8",.0,"8",.0,"8",.0,"8",.0,"8",.0,"8",.0,"8",.0,"8",.0,"8",.0,"8",.0,"8",.0,"8",.0,"8",.0,"8",.0,"8",0,"",0,"8","R",0,"8",0,"8",0,"8"
"354180155","GDAŃSK-WIBNO","2023","04","22",12.2,"",3.0,"",8.7,"",1.0,"",.0,"9","",0,"9",.0,"9",12.7,"",.0,"8",.0,"8",.0,"8",.0,"8",.0,"8",.0,"8",.0,"8",.0,"8",.0,"8",.0,"8",.0,"8",.0,"8",.0,"8",.0,"8",.0,"8",.0,"8",0,"",0,"8","R",0,"8",0,"8",0,"8"
"354180155","GDAŃSK-WIBNO","2023","04","23",22.6,"",6.0,"",13.9,"",2.8,"",.0,"","W",0,"9",.0,"9",12.3,"",.0,"8",.0,"8",.0,"8",.0,"8",.0,"8",.0,"8",.0,"8",.0,"8",.0,"8",.0,"8",.0,"8",.0,"8",.0,"8",.0,"8",.0,"8",.0,"8",0,"",0,"8","R",0,"8",0,"8",0,"8"
"354180155","GDAŃSK-WIBNO","2023","04","24",20.5,"",8.9,"",13.2,"",8.7,"",9.3,"","W",0,"9",.0,"9",2.2,"",.0,"8",.0,"8",.0,"8",.0,"8",.0,"8",.0,"8",.0,"8",.0,"8",.0,"8",.0,"8",.0,"8",.0,"8",.0,"8",.0,"8",.0,"8",.0,"8",0,"",0,"8","R",0,"8",0,"8",0,"8"
"354180155","GDAŃSK-WIBNO","2023","04","25",13.2,"",7.0,"",8.7,"",6.4,"",2.4,"","W",0,"9",.0,"9",.0,"9",.0,"8",.0,"8",.0,"8",.0,"8",.0,"8",.0,"8",.0,"8",.0,"8",.0,"8",.0,"8",.0,"8",.0,"8",.0,"8",.0,"8",.0,"8",.0,"8",0,"",0,"8","R",0,"8",0,"8",0,"8"
"354180155","GDAŃSK-WIBNO","2023","04","26",10.2,"",3.4,"",6.1,"",1.6,"",.0,"","W",0,"9",.0,"9",3.8,"",.0,"8",.0,"8",.0,"8",.0,"8",.0,"8",.0,"8",.0,"8",.0,"8",.0,"8",.0,"8",.0,"8",.0,"8",.0,"8",.0,"8",.0,"8",.0,"8",0,"",0,"8","R",0,"8",0,"8",0,"8"
"354180155","GDAŃSK-WIBNO","2023","04","27",10.3,"",.1,"",5.3,"",-2.1,"",.0,"","W",0,"9",.0,"9",8.3,"",.0,"8",.0,"8",.0,"8",.0,"8",.0,"8",.0,"8",.0,"8",.0,"8",.0,"8",.0,"8",.0,"8",.0,"8",.0,"8",.0,"8",.0,"8",.0,"8",0,"",0,"8","R",0,"8",0,"8",0,"8"
"354180155","GDAŃSK-WIBNO","2023","04","28",12.6,"",-.3,"",7.1,"",-2.3,"",.0,"9","",0,"9",.0,"9",9.4,"",.0,"8",.0,"8",.0,"8",.0,"8",.0,"8",.0,"8",.0,"8",.0,"8",.0,"8",.0,"8",.0,"8",.0,"8",.0,"8",.0,"8",.0,"8",.0,"8",0,"",0,"8","R",0,"8",0,"8",0,"8"
"354180155","GDAŃSK-WIBNO","2023","04","29",15.5,"",4.7,"",10.5,"",2.7,"",.4,"","W",0,"9",.0,"9",5.4,"",.0,"8",.0,"8",.0,"8",.0,"8",.0,"8",.0,"8",.0,"8",.0,"8",.0,"8",.0,"8",.0,"8",.0,"8",.0,"8",.0,"8",.0,"8",.0,"8",0,"",0,"8","R",0,"8",0,"8",0,"8"
"354180155","GDAŃSK-WIBNO","2023","04","30",12.2,"",3.9,"",7.8,"",2.2,"",.0,"9","",0,"9",.0,"9",13.6,"",.0,"8",.0,"8",.0,"8",.0,"8",.0,"8",.0,"8",.0,"8",.0,"8",.0,"8",.0,"8",.0,"8",.0,"8",.0,"8",.0,"8",.0,"8",.0,"8",0,"",0,"8","R",0,"8",0,"8",0,"8"
"354180155","GDAŃSK-WIBNO","2023","05","01",15.8,"",.4,"",8.4,"",-2.1,"",.0,"9","",0,"9",.0,"9",13.2,"",.0,"8",.0,"8",.0,"8",.0,"8",.0,"8",.0,"8",.0,"8",.0,"8",.0,"8",.0,"8",.0,"8",.0,"8",.0,"8",.0,"8",.0,"8",.0,"8",0,"",0,"8","R",0,"8",0,"8",0,"8"
"354180155","GDAŃSK-WIBNO","2023","05","02",17.1,"",6.4,"",9.2,"",3.5,"",.0,"9","",0,"9",.0,"9",5.5,"",.0,"8",.0,"8",.0,"8",.0,"8",.0,"8",.0,"8",.0,"8",.0,"8",.0,"8",.0,"8",.0,"8",.0,"8",.0,"8",.0,"8",.0,"8",.0,"8",0,"",0,"8","R",0,"8",0,"8",0,"8"
"354180155","GDAŃSK-WIBNO","2023","05","03",11.6,"",.9,"",6.7,"",-1.7,"",.0,"9","",0,"9",.0,"9",13.5,"",.0,"8",.0,"8",.0,"8",.0,"8",.0,"8",.0,"8",.0,"8",.0,"8",.0,"8",.0,"8",.0,"8",.0,"8",.0,"8",.0,"8",.0,"8",.0,"8",0,"",0,"8","R",0,"8",0,"8",0,"8"
"354180155","GDAŃSK-WIBNO","2023","05","04",12.2,"",2.9,"",7.7,"",1.0,"",.0,"9","",0,"9",.0,"9",10.7,"",.0,"8",.0,"8",.0,"8",.0,"8",.0,"8",.0,"8",.0,"8",.0,"8",.0,"8",.0,"8",.0,"8",.0,"8",.0,"8",.0,"8",.0,"8",.0,"8",0,"",0,"8","R",0,"8",0,"8",0,"8"
"354180155","GDAŃSK-WIBNO","2023","05","05",8.5,"",6.1,"",6.8,"",5.5,"",.0,"9","",0,"9",.0,"9",13.1,"",.0,"8",.0,"8",.0,"8",.0,"8",.0,"8",.0,"8",.0,"8",.0,"8",.0,"8",.0,"8",.0,"8",.0,"8",.0,"8",.0,"8",.0,"8",.0,"8",0,"",0,"8","R",0,"8",0,"8",0,"8"
"354180155","GDAŃSK-WIBNO","2023","05","06",9.7,"",4.5,"",7.4,"",3.3,"",.0,"9","",0,"9",.0,"9",5.7,"",.0,"8",.0,"8",.0,"8",.0,"8",.0,"8",.0,"8",.0,"8",.0,"8",.0,"8",.0,"8",.0,"8",.0,"8",.0,"8",.0,"8",.0,"8",.0,"8",0,"",0,"8","R",0,"8",0,"8",0,"8"
"354180155","GDAŃSK-WIBNO","2023","05","07",12.9,"",5.6,"",9.3,"",3.0,"",.0,"9","",0,"9",.0,"9",14.4,"",.0,"8",.0,"8",.0,"8",.0,"8",.0,"8",.0,"8",.0,"8",.0,"8",.0,"8",.0,"8",.0,"8",.0,"8",.0,"8",.0,"8",.0,"8",.0,"8",0,"",0,"8","R",0,"8",0,"8",0,"8"
"354180155","GDAŃSK-WIBNO","2023","05","08",15.3,"",2.2,"",9.9,"",.0,"",.0,"9","",0,"9",.0,"9",14.3,"",.0,"8",.0,"8",.0,"8",.0,"8",.0,"8",.0,"8",.0,"8",.0,"8",.0,"8",.0,"8",.0,"8",.0,"8",.0,"8",.0,"8",.0,"8",.0,"8",0,"",0,"8","R",0,"8",0,"8",0,"8"
"354180155","GDAŃSK-WIBNO","2023","05","09",18.3,"",2.9,"",11.5,"",.9,"",.0,"9","",0,"9",.0,"9",14.3,"",.0,"8",.0,"8",.0,"8",.0,"8",.0,"8",.0,"8",.0,"8",.0,"8",.0,"8",.0,"8",.0,"8",.0,"8",.0,"8",.0,"8",.0,"8",.0,"8",0,"",0,"8","R",0,"8",0,"8",0,"8"
"354180155","GDAŃSK-WIBNO","2023","05","10",18.9,"",5.3,"",13.0,"",1.0,"",.0,"9","",0,"9",.0,"9",14.3,"",.0,"8",.0,"8",.0,"8",.0,"8",.0,"8",.0,"8",.0,"8",.0,"8",.0,"8",.0,"8",.0,"8",.0,"8",.0,"8",.0,"8",.0,"8",.0,"8",0,"",0,"8","R",0,"8",0,"8",0,"8"
"354180155","GDAŃSK-WIBNO","2023","05","11",19.7,"",6.5,"",13.9,"",2.5,"",.0,"9","",0,"9",.0,"9",14.4,"",.0,"8",.0,"8",.0,"8",.0,"8",.0,"8",.0,"8",.0,"8",.0,"8",.0,"8",.0,"8",.0,"8",.0,"8",.0,"8",.0,"8",.0,"8",.0,"8",0,"",0,"8","R",0,"8",0,"8",0,"8"
"354180155","GDAŃSK-WIBNO","2023","05","12",21.3,"",8.6,"",14.8,"",4.1,"",.0,"9","",0,"9",.0,"9",14.2,"",.0,"8",.0,"8",.0,"8",.0,"8",.0,"8",.0,"8",.0,"8",.0,"8",.0,"8",.0,"8",.0,"8",.0,"8",.0,"8",.0,"8",.0,"8",.0,"8",0,"",0,"8","R",0,"8",0,"8",0,"8"
"354180155","GDAŃSK-WIBNO","2023","05","13",19.7,"",8.0,"",14.9,"",5.4,"",.0,"9","",0,"9",.0,"9",12.1,"",.0,"8",.0,"8",.0,"8",.0,"8",.0,"8",.0,"8",.0,"8",.0,"8",.0,"8",.0,"8",.0,"8",.0,"8",.0,"8",.0,"8",.0,"8",.0,"8",0,"",0,"8","R",0,"8",0,"8",0,"8"
"354180155","GDAŃSK-WIBNO","2023","05","14",21.2,"",9.1,"",15.7,"",6.6,"",.0,"","W",0,"9",.0,"9",10.0,"",.0,"8",.0,"8",.0,"8",.0,"8",.0,"8",.0,"8",.0,"8",.0,"8",.0,"8",.0,"8",.0,"8",.0,"8",.0,"8",.0,"8",.0,"8",.0,"8",0,"",0,"8","R",0,"8",0,"8",0,"8"
"354180155","GDAŃSK-WIBNO","2023","05","15",17.8,"",12.2,"",14.2,"",9.3,"",11.7,"","W",0,"9",.0,"9",.0,"9",.0,"8",.0,"8",.0,"8",.0,"8",.0,"8",.0,"8",.0,"8",.0,"8",.0,"8",.0,"8",.0,"8",.0,"8",.0,"8",.0,"8",.0,"8",.0,"8",0,"",0,"8","R",0,"8",0,"8",0,"8"
"354180155","GDAŃSK-WIBNO","2023","05","16",16.4,"",11.7,"",12.6,"",11.4,"",.0,"9","",0,"9",.0,"9",1.0,"",.0,"8",.0,"8",.0,"8",.0,"8",.0,"8",.0,"8",.0,"8",.0,"8",.0,"8",.0,"8",.0,"8",.0,"8",.0,"8",.0,"8",.0,"8",.0,"8",0,"",0,"8","R",0,"8",0,"8",0,"8"
"354180155","GDAŃSK-WIBNO","2023","05","17",13.8,"",8.2,"",10.5,"",7.1,"",.0,"9","",0,"9",.0,"9",8.9,"",.0,"8",.0,"8",.0,"8",.0,"8",.0,"8",.0,"8",.0,"8",.0,"8",.0,"8",.0,"8",.0,"8",.0,"8",.0,"8",.0,"8",.0,"8",.0,"8",0,"",0,"8","R",0,"8",0,"8",0,"8"
"354180155","GDAŃSK-WIBNO","2023","05","18",12.8,"",5.4,"",10.0,"",3.5,"",.0,"9","",0,"9",.0,"9",13.7,"",.0,"8",.0,"8",.0,"8",.0,"8",.0,"8",.0,"8",.0,"8",.0,"8",.0,"8",.0,"8",.0,"8",.0,"8",.0,"8",.0,"8",.0,"8",.0,"8",0,"",0,"8","R",0,"8",0,"8",0,"8"
"354180155","GDAŃSK-WIBNO","2023","05","19",12.2,"",8.6,"",10.8,"",5.6,"",1.1,"","W",0,"9",.0,"9",1.6,"",.0,"8",.0,"8",.0,"8",.0,"8",.0,"8",.0,"8",.0,"8",.0,"8",.0,"8",.0,"8",.0,"8",.0,"8",.0,"8",.0,"8",.0,"8",.0,"8",0,"",0,"8","R",0,"8",0,"8",0,"8"
"354180155","GDAŃSK-WIBNO","2023","05","20",15.8,"",10.5,"",12.9,"",9.1,"",.0,"","W",0,"9",.0,"9",4.8,"",.0,"8",.0,"8",.0,"8",.0,"8",.0,"8",.0,"8",.0,"8",.0,"8",.0,"8",.0,"8",.0,"8",.0,"8",.0,"8",.0,"8",.0,"8",.0,"8",0,"",0,"8","R",0,"8",0,"8",0,"8"
"354180155","GDAŃSK-WIBNO","2023","05","21",21.3,"",10.7,"",16.3,"",8.5,"",.0,"9","",0,"9",.0,"9",13.5,"",.0,"8",.0,"8",.0,"8",.0,"8",.0,"8",.0,"8",.0,"8",.0,"8",.0,"8",.0,"8",.0,"8",.0,"8",.0,"8",.0,"8",.0,"8",.0,"8",0,"",0,"8","R",0,"8",0,"8",0,"8"
"354180155","GDAŃSK-WIBNO","2023","05","22",19.4,"",9.6,"",15.9,"",7.6,"",.0,"9","",0,"9",.0,"9",14.4,"",.0,"8",.0,"8",.0,"8",.0,"8",.0,"8",.0,"8",.0,"8",.0,"8",.0,"8",.0,"8",.0,"8",.0,"8",.0,"8",.0,"8",.0,"8",.0,"8",0,"",0,"8","R",0,"8",0,"8",0,"8"
"354180155","GDAŃSK-WIBNO","2023","05","23",24.1,"",8.8,"",17.2,"",7.3,"",.0,"","W",0,"9",.0,"9",11.3,"",.0,"8",.0,"8",.0,"8",.0,"8",.0,"8",.0,"8",.0,"8",.0,"8",.0,"8",.0,"8",.0,"8",.0,"8",.0,"8",.0,"8",.0,"8",.0,"8",0,"",0,"8","R",0,"8",0,"8",0,"8"
"354180155","GDAŃSK-WIBNO","2023","05","24",19.1,"",14.9,"",17.0,"",14.0,"",.0,"9","",0,"9",.0,"9",11.4,"",.0,"8",.0,"8",.0,"8",.0,"8",.0,"8",.0,"8",.0,"8",.0,"8",.0,"8",.0,"8",.0,"8",.0,"8",.0,"8",.0,"8",.0,"8",.0,"8",0,"",0,"8","R",0,"8",0,"8",0,"8"
"354180155","GDAŃSK-WIBNO","2023","05","25",20.0,"",11.3,"",15.7,"",9.5,"",.0,"9","",0,"9",.0,"9",10.6,"",.0,"8",.0,"8",.0,"8",.0,"8",.0,"8",.0,"8",.0,"8",.0,"8",.0,"8",.0,"8",.0,"8",.0,"8",.0,"8",.0,"8",.0,"8",.0,"8",0,"",0,"8","R",0,"8",0,"8",0,"8"
"354180155","GDAŃSK-WIBNO","2023","05","26",17.8,"",7.1,"",12.5,"",4.4,"",.0,"9","",0,"9",.0,"9",14.2,"",.0,"8",.0,"8",.0,"8",.0,"8",.0,"8",.0,"8",.0,"8",.0,"8",.0,"8",.0,"8",.0,"8",.0,"8",.0,"8",.0,"8",.0,"8",.0,"8",0,"",0,"8","R",0,"8",0,"8",0,"8"
"354180155","GDAŃSK-WIBNO","2023","05","27",17.2,"",6.2,"",12.9,"",4.6,"",.0,"9","",0,"9",.0,"9",14.1,"",.0,"8",.0,"8",.0,"8",.0,"8",.0,"8",.0,"8",.0,"8",.0,"8",.0,"8",.0,"8",.0,"8",.0,"8",.0,"8",.0,"8",.0,"8",.0,"8",0,"",0,"8","R",0,"8",0,"8",0,"8"
"354180155","GDAŃSK-WIBNO","2023","05","28",21.9,"",6.9,"",14.6,"",4.1,"",.0,"9","",0,"9",.0,"9",14.0,"",.0,"8",.0,"8",.0,"8",.0,"8",.0,"8",.0,"8",.0,"8",.0,"8",.0,"8",.0,"8",.0,"8",.0,"8",.0,"8",.0,"8",.0,"8",.0,"8",0,"",0,"8","R",0,"8",0,"8",0,"8"
"354180155","GDAŃSK-WIBNO","2023","05","29",17.0,"",9.1,"",13.4,"",7.8,"",.0,"9","",0,"9",.0,"9",12.8,"",.0,"8",.0,"8",.0,"8",.0,"8",.0,"8",.0,"8",.0,"8",.0,"8",.0,"8",.0,"8",.0,"8",.0,"8",.0,"8",.0,"8",.0,"8",.0,"8",0,"",0,"8","R",0,"8",0,"8",0,"8"
"354180155","GDAŃSK-WIBNO","2023","05","30",18.3,"",6.7,"",13.2,"",4.9,"",.0,"9","",0,"9",.0,"9",14.4,"",.0,"8",.0,"8",.0,"8",.0,"8",.0,"8",.0,"8",.0,"8",.0,"8",.0,"8",.0,"8",.0,"8",.0,"8",.0,"8",.0,"8",.0,"8",.0,"8",0,"",0,"8","R",0,"8",0,"8",0,"8"
"354180155","GDAŃSK-WIBNO","2023","05","31",25.3,"",6.3,"",17.0,"",4.8,"",.0,"9","",0,"9",.0,"9",14.9,"",.0,"8",.0,"8",.0,"8",.0,"8",.0,"8",.0,"8",.0,"8",.0,"8",.0,"8",.0,"8",.0,"8",.0,"8",.0,"8",.0,"8",.0,"8",.0,"8",0,"",0,"8","R",0,"8",0,"8",0,"8"
"354180155","GDAŃSK-WIBNO","2023","06","01",21.1,"",9.4,"",14.3,"",6.2,"",.1,"","W",0,"9",.0,"9",12.9,"",.0,"8",.0,"8",.0,"8",.0,"8",.0,"8",.0,"8",.0,"8",.0,"8",.0,"8",.0,"8",.0,"8",.0,"8",.0,"8",.0,"8",.0,"8",.0,"8",0,"",0,"8","R",0,"8",0,"8",0,"8"
"354180155","GDAŃSK-WIBNO","2023","06","02",14.1,"",10.3,"",11.0,"",9.1,"",.0,"9","",0,"9",.0,"9",12.9,"",.0,"8",.0,"8",.0,"8",.0,"8",.0,"8",.0,"8",.0,"8",.0,"8",.0,"8",.0,"8",.0,"8",.0,"8",.0,"8",.0,"8",.0,"8",.0,"8",0,"",0,"8","R",0,"8",0,"8",0,"8"
"354180155","GDAŃSK-WIBNO","2023","06","03",16.3,"",7.9,"",12.2,"",6.1,"",.0,"9","",0,"9",.0,"9",14.8,"",.0,"8",.0,"8",.0,"8",.0,"8",.0,"8",.0,"8",.0,"8",.0,"8",.0,"8",.0,"8",.0,"8",.0,"8",.0,"8",.0,"8",.0,"8",.0,"8",0,"",0,"8","R",0,"8",0,"8",0,"8"
"354180155","GDAŃSK-WIBNO","2023","06","04",17.4,"",6.1,"",13.0,"",2.7,"",.0,"9","",0,"9",.0,"9",15.1,"",.0,"8",.0,"8",.0,"8",.0,"8",.0,"8",.0,"8",.0,"8",.0,"8",.0,"8",.0,"8",.0,"8",.0,"8",.0,"8",.0,"8",.0,"8",.0,"8",0,"",0,"8","R",0,"8",0,"8",0,"8"
"354180155","GDAŃSK-WIBNO","2023","06","05",19.5,"",6.9,"",14.7,"",4.6,"",.0,"9","",0,"9",.0,"9",15.1,"",.0,"8",.0,"8",.0,"8",.0,"8",.0,"8",.0,"8",.0,"8",.0,"8",.0,"8",.0,"8",.0,"8",.0,"8",.0,"8",.0,"8",.0,"8",.0,"8",0,"",0,"8","R",0,"8",0,"8",0,"8"
"354180155","GDAŃSK-WIBNO","2023","06","06",25.4,"",9.4,"",18.8,"",7.8,"",.0,"9","",0,"9",.0,"9",15.1,"",.0,"8",.0,"8",.0,"8",.0,"8",.0,"8",.0,"8",.0,"8",.0,"8",.0,"8",.0,"8",.0,"8",.0,"8",.0,"8",.0,"8",.0,"8",.0,"8",0,"",0,"8","R",0,"8",0,"8",0,"8"
"354180155","GDAŃSK-WIBNO","2023","06","07",24.7,"",13.1,"",19.8,"",10.2,"",.0,"9","",0,"9",.0,"9",14.8,"",.0,"8",.0,"8",.0,"8",.0,"8",.0,"8",.0,"8",.0,"8",.0,"8",.0,"8",.0,"8",.0,"8",.0,"8",.0,"8",.0,"8",.0,"8",.0,"8",0,"",0,"8","R",0,"8",0,"8",0,"8"
"354180155","GDAŃSK-WIBNO","2023","06","08",26.1,"",14.5,"",20.4,"",12.9,"",.0,"9","",0,"9",.0,"9",13.6,"",.0,"8",.0,"8",.0,"8",.0,"8",.0,"8",.0,"8",.0,"8",.0,"8",.0,"8",.0,"8",.0,"8",.0,"8",.0,"8",.0,"8",.0,"8",.0,"8",0,"",0,"8","R",0,"8",0,"8",0,"8"
"354180155","GDAŃSK-WIBNO","2023","06","09",22.8,"",17.1,"",19.0,"",17.2,"",.0,"9","",0,"9",.0,"9",12.2,"",.0,"8",.0,"8",.0,"8",.0,"8",.0,"8",.0,"8",.0,"8",.0,"8",.0,"8",.0,"8",.0,"8",.0,"8",.0,"8",.0,"8",.0,"8",.0,"8",0,"",0,"8","R",0,"8",0,"8",0,"8"
"354180155","GDAŃSK-WIBNO","2023","06","10",18.4,"",15.7,"",16.9,"",15.1,"",.0,"9","",0,"9",.0,"9",15.2,"",.0,"8",.0,"8",.0,"8",.0,"8",.0,"8",.0,"8",.0,"8",.0,"8",.0,"8",.0,"8",.0,"8",.0,"8",.0,"8",.0,"8",.0,"8",.0,"8",0,"",0,"8","R",0,"8",0,"8",0,"8"
"354180155","GDAŃSK-WIBNO","2023","06","11",20.0,"",13.5,"",16.4,"",12.3,"",.0,"9","",0,"9",.0,"9",15.3,"",.0,"8",.0,"8",.0,"8",.0,"8",.0,"8",.0,"8",.0,"8",.0,"8",.0,"8",.0,"8",.0,"8",.0,"8",.0,"8",.0,"8",.0,"8",.0,"8",0,"",0,"8","R",0,"8",0,"8",0,"8"
"354180155","GDAŃSK-WIBNO","2023","06","12",20.9,"",13.2,"",16.8,"",10.0,"",.0,"9","",0,"9",.0,"9",14.7,"",.0,"8",.0,"8",.0,"8",.0,"8",.0,"8",.0,"8",.0,"8",.0,"8",.0,"8",.0,"8",.0,"8",.0,"8",.0,"8",.0,"8",.0,"8",.0,"8",0,"",0,"8","R",0,"8",0,"8",0,"8"
"354180155","GDAŃSK-WIBNO","2023","06","13",16.8,"",13.1,"",15.4,"",11.1,"",.0,"9","",0,"9",.0,"9",10.7,"",.0,"8",.0,"8",.0,"8",.0,"8",.0,"8",.0,"8",.0,"8",.0,"8",.0,"8",.0,"8",.0,"8",.0,"8",.0,"8",.0,"8",.0,"8",.0,"8",0,"",0,"8","R",0,"8",0,"8",0,"8"
"354180155","GDAŃSK-WIBNO","2023","06","14",20.1,"",14.6,"",17.0,"",13.6,"",1.6,"","W",0,"9",.0,"9",8.3,"",.0,"8",.0,"8",.0,"8",.0,"8",.0,"8",.0,"8",.0,"8",.0,"8",.0,"8",.0,"8",.0,"8",.0,"8",.0,"8",.0,"8",.0,"8",.0,"8",0,"",0,"8","R",0,"8",0,"8",0,"8"
"354180155","GDAŃSK-WIBNO","2023","06","15",18.5,"",14.3,"",15.7,"",14.0,"",4.0,"","W",0,"9",.0,"9",3.9,"",.0,"8",.0,"8",.0,"8",.0,"8",.0,"8",.0,"8",.0,"8",.0,"8",.0,"8",.0,"8",.0,"8",.0,"8",.0,"8",.0,"8",.0,"8",.0,"8",0,"",0,"8","R",0,"8",0,"8",0,"8"
"354180155","GDAŃSK-WIBNO","2023","06","16",21.3,"",10.4,"",16.6,"",10.6,"",.0,"","W",0,"9",.0,"9",10.7,"",.0,"8",.0,"8",.0,"8",.0,"8",.0,"8",.0,"8",.0,"8",.0,"8",.0,"8",.0,"8",.0,"8",.0,"8",.0,"8",.0,"8",.0,"8",.0,"8",0,"",0,"8","R",0,"8",0,"8",0,"8"
"354180155","GDAŃSK-WIBNO","2023","06","17",20.4,"",15.2,"",17.6,"",13.9,"",.0,"9","",0,"9",.0,"9",4.0,"",.0,"8",.0,"8",.0,"8",.0,"8",.0,"8",.0,"8",.0,"8",.0,"8",.0,"8",.0,"8",.0,"8",.0,"8",.0,"8",.0,"8",.0,"8",.0,"8",0,"",0,"8","R",0,"8",0,"8",0,"8"
"354180155","GDAŃSK-WIBNO","2023","06","18",22.5,"",12.7,"",17.2,"",11.2,"",.0,"9","",0,"9",.0,"9",8.7,"",.0,"8",.0,"8",.0,"8",.0,"8",.0,"8",.0,"8",.0,"8",.0,"8",.0,"8",.0,"8",.0,"8",.0,"8",.0,"8",.0,"8",.0,"8",.0,"8",0,"",0,"8","R",0,"8",0,"8",0,"8"
"354180155","GDAŃSK-WIBNO","2023","06","19",24.5,"",13.1,"",19.7,"",12.8,"",.0,"9","",0,"9",.0,"9",11.6,"",.0,"8",.0,"8",.0,"8",.0,"8",.0,"8",.0,"8",.0,"8",.0,"8",.0,"8",.0,"8",.0,"8",.0,"8",.0,"8",.0,"8",.0,"8",.0,"8",0,"",0,"8","R",0,"8",0,"8",0,"8"
"354180155","GDAŃSK-WIBNO","2023","06","20",23.3,"",16.9,"",20.5,"",16.7,"",.0,"9","",0,"9",.0,"9",11.0,"",.0,"8",.0,"8",.0,"8",.0,"8",.0,"8",.0,"8",.0,"8",.0,"8",.0,"8",.0,"8",.0,"8",.0,"8",.0,"8",.0,"8",.0,"8",.0,"8",0,"",0,"8","R",0,"8",0,"8",0,"8"
"354180155","GDAŃSK-WIBNO","2023","06","21",30.2,"",17.3,"",23.7,"",16.4,"",.1,"","W",0,"9",.0,"9",7.3,"",.0,"8",.0,"8",.0,"8",.0,"8",.0,"8",.0,"8",.0,"8",.0,"8",.0,"8",.0,"8",.0,"8",.0,"8",.0,"8",.0,"8",.0,"8",.0,"8",0,"",0,"8","R",0,"8",0,"8",0,"8"
"354180155","GDAŃSK-WIBNO","2023","06","22",25.3,"",16.9,"",19.4,"",15.2,"",.0,"9","",0,"9",.0,"9",14.4,"",.0,"8",.0,"8",.0,"8",.0,"8",.0,"8",.0,"8",.0,"8",.0,"8",.0,"8",.0,"8",.0,"8",.0,"8",.0,"8",.0,"8",.0,"8",.0,"8",0,"",0,"8","R",0,"8",0,"8",0,"8"
"354180155","GDAŃSK-WIBNO","2023","06","23",23.6,"",13.6,"",18.3,"",11.9,"",.1,"","W",0,"9",.0,"9",4.0,"",.0,"8",.0,"8",.0,"8",.0,"8",.0,"8",.0,"8",.0,"8",.0,"8",.0,"8",.0,"8",.0,"8",.0,"8",.0,"8",.0,"8",.0,"8",.0,"8",0,"",0,"8","R",0,"8",0,"8",0,"8"
"354180155","GDAŃSK-WIBNO","2023","06","24",23.2,"",13.8,"",18.5,"",12.9,"",.0,"9","",0,"9",.0,"9",9.2,"",.0,"8",.0,"8",.0,"8",.0,"8",.0,"8",.0,"8",.0,"8",.0,"8",.0,"8",.0,"8",.0,"8",.0,"8",.0,"8",.0,"8",.0,"8",.0,"8",0,"",0,"8","R",0,"8",0,"8",0,"8"
"354180155","GDAŃSK-WIBNO","2023","06","25",22.8,"",11.9,"",18.4,"",9.3,"",.0,"9","",0,"9",.0,"9",15.4,"",.0,"8",.0,"8",.0,"8",.0,"8",.0,"8",.0,"8",.0,"8",.0,"8",.0,"8",.0,"8",.0,"8",.0,"8",.0,"8",.0,"8",.0,"8",.0,"8",0,"",0,"8","R",0,"8",0,"8",0,"8"
"354180155","GDAŃSK-WIBNO","2023","06","26",24.9,"",12.2,"",19.8,"",11.1,"",20.6,"","W",0,"9",.0,"9",13.8,"",.0,"8",.0,"8",.0,"8",.0,"8",.0,"8",.0,"8",.0,"8",.0,"8",.0,"8",.0,"8",.0,"8",.0,"8",.0,"8",.0,"8",.0,"8",.0,"8",0,"",0,"8","R",0,"8",0,"8",0,"8"
"354180155","GDAŃSK-WIBNO","2023","06","27",22.1,"",14.9,"",16.7,"",15.0,"",2.7,"","W",0,"9",.0,"9",2.8,"",.0,"8",.0,"8",.0,"8",.0,"8",.0,"8",.0,"8",.0,"8",.0,"8",.0,"8",.0,"8",.0,"8",.0,"8",.0,"8",.0,"8",.0,"8",.0,"8",0,"",0,"8","R",0,"8",0,"8",0,"8"
"354180155","GDAŃSK-WIBNO","2023","06","28",20.1,"",12.9,"",17.2,"",12.6,"",.0,"9","",0,"9",.0,"9",11.1,"",.0,"8",.0,"8",.0,"8",.0,"8",.0,"8",.0,"8",.0,"8",.0,"8",.0,"8",.0,"8",.0,"8",.0,"8",.0,"8",.0,"8",.0,"8",.0,"8",0,"",0,"8","R",0,"8",0,"8",0,"8"
"354180155","GDAŃSK-WIBNO","2023","06","29",24.8,"",15.4,"",20.1,"",14.1,"",.0,"9","",0,"9",.0,"9",14.9,"",.0,"8",.0,"8",.0,"8",.0,"8",.0,"8",.0,"8",.0,"8",.0,"8",.0,"8",.0,"8",.0,"8",.0,"8",.0,"8",.0,"8",.0,"8",.0,"8",0,"",0,"8","R",0,"8",0,"8",0,"8"
"354180155","GDAŃSK-WIBNO","2023","06","30",24.0,"",14.1,"",17.5,"",12.6,"",10.8,"","W",0,"9",.0,"9",1.6,"",.0,"8",.0,"8",.0,"8",.0,"8",.0,"8",.0,"8",.0,"8",.0,"8",.0,"8",.0,"8",.0,"8",.0,"8",.0,"8",.0,"8",.0,"8",.0,"8",0,"",0,"8","R",0,"8",0,"8",0,"8"
"354180155","GDAŃSK-WIBNO","2023","07","01",24.8,"",12.4,"",18.6,"",11.6,"",2.6,"","W",0,"9",.0,"9",9.7,"",.0,"8",.0,"8",.0,"8",.0,"8",.0,"8",.0,"8",.0,"8",.0,"8",.0,"8",.0,"8",.0,"8",.0,"8",.0,"8",.0,"8",.0,"8",.0,"8",0,"",0,"8","R",0,"8",0,"8",0,"8"
"354180155","GDAŃSK-WIBNO","2023","07","02",21.4,"",15.3,"",17.0,"",15.5,"",1.5,"","W",0,"9",.0,"9",3.3,"",.0,"8",.0,"8",.0,"8",.0,"8",.0,"8",.0,"8",.0,"8",.0,"8",.0,"8",.0,"8",.0,"8",.0,"8",.0,"8",.0,"8",.0,"8",.0,"8",0,"",0,"8","R",0,"8",0,"8",0,"8"
"354180155","GDAŃSK-WIBNO","2023","07","03",22.9,"",12.4,"",17.7,"",11.1,"",.0,"9","",0,"9",.0,"9",9.1,"",.0,"8",.0,"8",.0,"8",.0,"8",.0,"8",.0,"8",.0,"8",.0,"8",.0,"8",.0,"8",.0,"8",.0,"8",.0,"8",.0,"8",.0,"8",.0,"8",0,"",0,"8","R",0,"8",0,"8",0,"8"
"354180155","GDAŃSK-WIBNO","2023","07","04",23.2,"",13.0,"",17.4,"",12.6,"",.1,"","W",0,"9",.0,"9",3.9,"",.0,"8",.0,"8",.0,"8",.0,"8",.0,"8",.0,"8",.0,"8",.0,"8",.0,"8",.0,"8",.0,"8",.0,"8",.0,"8",.0,"8",.0,"8",.0,"8",0,"",0,"8","R",0,"8",0,"8",0,"8"
"354180155","GDAŃSK-WIBNO","2023","07","05",27.3,"",10.2,"",18.2,"",8.0,"",7.9,"","W",0,"9",.0,"9",11.8,"",.0,"8",.0,"8",.0,"8",.0,"8",.0,"8",.0,"8",.0,"8",.0,"8",.0,"8",.0,"8",.0,"8",.0,"8",.0,"8",.0,"8",.0,"8",.0,"8",0,"",0,"8","R",0,"8",0,"8",0,"8"
"354180155","GDAŃSK-WIBNO","2023","07","06",21.9,"",15.1,"",17.8,"",14.0,"",.0,"9","",0,"9",.0,"9",8.9,"",.0,"8",.0,"8",.0,"8",.0,"8",.0,"8",.0,"8",.0,"8",.0,"8",.0,"8",.0,"8",.0,"8",.0,"8",.0,"8",.0,"8",.0,"8",.0,"8",0,"",0,"8","R",0,"8",0,"8",0,"8"
"354180155","GDAŃSK-WIBNO","2023","07","07",23.1,"",11.5,"",17.6,"",10.3,"",.0,"9","",0,"9",.0,"9",13.6,"",.0,"8",.0,"8",.0,"8",.0,"8",.0,"8",.0,"8",.0,"8",.0,"8",.0,"8",.0,"8",.0,"8",.0,"8",.0,"8",.0,"8",.0,"8",.0,"8",0,"",0,"8","R",0,"8",0,"8",0,"8"
"354180155","GDAŃSK-WIBNO","2023","07","08",21.7,"",11.8,"",17.7,"",10.7,"",.0,"9","",0,"9",.0,"9",14.1,"",.0,"8",.0,"8",.0,"8",.0,"8",.0,"8",.0,"8",.0,"8",.0,"8",.0,"8",.0,"8",.0,"8",.0,"8",.0,"8",.0,"8",.0,"8",.0,"8",0,"",0,"8","R",0,"8",0,"8",0,"8"
"354180155","GDAŃSK-WIBNO","2023","07","09",23.8,"",11.9,"",18.7,"",11.4,"",.0,"9","",0,"9",.0,"9",13.3,"",.0,"8",.0,"8",.0,"8",.0,"8",.0,"8",.0,"8",.0,"8",.0,"8",.0,"8",.0,"8",.0,"8",.0,"8",.0,"8",.0,"8",.0,"8",.0,"8",0,"",0,"8","R",0,"8",0,"8",0,"8"
"354180155","GDAŃSK-WIBNO","2023","07","10",21.4,"",15.4,"",19.1,"",14.0,"",2.7,"","W",0,"9",.0,"9",9.9,"",.0,"8",.0,"8",.0,"8",.0,"8",.0,"8",.0,"8",.0,"8",.0,"8",.0,"8",.0,"8",.0,"8",.0,"8",.0,"8",.0,"8",.0,"8",.0,"8",0,"",0,"8","R",0,"8",0,"8",0,"8"
"354180155","GDAŃSK-WIBNO","2023","07","11",22.7,"",15.4,"",18.8,"",15.0,"",.0,"9","",0,"9",.0,"9",8.0,"",.0,"8",.0,"8",.0,"8",.0,"8",.0,"8",.0,"8",.0,"8",.0,"8",.0,"8",.0,"8",.0,"8",.0,"8",.0,"8",.0,"8",.0,"8",.0,"8",0,"",0,"8","R",0,"8",0,"8",0,"8"
"354180155","GDAŃSK-WIBNO","2023","07","12",28.8,"",13.8,"",19.9,"",13.3,"",7.8,"","W",0,"9",.0,"9",9.3,"",.0,"8",.0,"8",.0,"8",.0,"8",.0,"8",.0,"8",.0,"8",.0,"8",.0,"8",.0,"8",.0,"8",.0,"8",.0,"8",.0,"8",.0,"8",.0,"8",0,"",0,"8","R",0,"8",0,"8",0,"8"
"354180155","GDAŃSK-WIBNO","2023","07","13",22.7,"",13.9,"",18.4,"",12.8,"",2.5,"","W",0,"9",.0,"9",12.3,"",.0,"8",.0,"8",.0,"8",.0,"8",.0,"8",.0,"8",.0,"8",.0,"8",.0,"8",.0,"8",.0,"8",.0,"8",.0,"8",.0,"8",.0,"8",.0,"8",0,"",0,"8","R",0,"8",0,"8",0,"8"
"354180155","GDAŃSK-WIBNO","2023","07","14",24.0,"",12.9,"",17.7,"",11.9,"",.0,"9","",0,"9",.0,"9",11.1,"",.0,"8",.0,"8",.0,"8",.0,"8",.0,"8",.0,"8",.0,"8",.0,"8",.0,"8",.0,"8",.0,"8",.0,"8",.0,"8",.0,"8",.0,"8",.0,"8",0,"",0,"8","R",0,"8",0,"8",0,"8"
"354180155","GDAŃSK-WIBNO","2023","07","15",29.3,"",13.7,"",21.7,"",12.1,"",.0,"9","",0,"9",.0,"9",14.0,"",.0,"8",.0,"8",.0,"8",.0,"8",.0,"8",.0,"8",.0,"8",.0,"8",.0,"8",.0,"8",.0,"8",.0,"8",.0,"8",.0,"8",.0,"8",.0,"8",0,"",0,"8","R",0,"8",0,"8",0,"8"
"354180155","GDAŃSK-WIBNO","2023","07","16",29.5,"",17.8,"",21.1,"",16.7,"",3.3,"","W",0,"9",.0,"9",5.9,"",.0,"8",.0,"8",.0,"8",.0,"8",.0,"8",.0,"8",.0,"8",.0,"8",.0,"8",.0,"8",.0,"8",.0,"8",.0,"8",.0,"8",.0,"8",.0,"8",0,"",0,"8","R",0,"8",0,"8",0,"8"
"354180155","GDAŃSK-WIBNO","2023","07","17",28.9,"",14.3,"",20.0,"",13.8,"",1.3,"","W",0,"9",.0,"9",10.1,"",.0,"8",.0,"8",.0,"8",.0,"8",.0,"8",.0,"8",.0,"8",.0,"8",.0,"8",.0,"8",.0,"8",.0,"8",.0,"8",.0,"8",.0,"8",.0,"8",0,"",0,"8","R",0,"8",0,"8",0,"8"
"354180155","GDAŃSK-WIBNO","2023","07","18",22.3,"",13.5,"",17.5,"",12.6,"",.9,"","W",0,"9",.0,"9",10.2,"",.0,"8",.0,"8",.0,"8",.0,"8",.0,"8",.0,"8",.0,"8",.0,"8",.0,"8",.0,"8",.0,"8",.0,"8",.0,"8",.0,"8",.0,"8",.0,"8",0,"",0,"8","R",0,"8",0,"8",0,"8"
"354180155","GDAŃSK-WIBNO","2023","07","19",20.1,"",11.5,"",15.0,"",9.9,"",.4,"","W",0,"9",.0,"9",.0,"9",.0,"8",.0,"8",.0,"8",.0,"8",.0,"8",.0,"8",.0,"8",.0,"8",.0,"8",.0,"8",.0,"8",.0,"8",.0,"8",.0,"8",.0,"8",.0,"8",0,"",0,"8","R",0,"8",0,"8",0,"8"
"354180155","GDAŃSK-WIBNO","2023","07","20",19.7,"",10.1,"",15.2,"",7.9,"",.1,"","W",0,"9",.0,"9",6.7,"",.0,"8",.0,"8",.0,"8",.0,"8",.0,"8",.0,"8",.0,"8",.0,"8",.0,"8",.0,"8",.0,"8",.0,"8",.0,"8",.0,"8",.0,"8",.0,"8",0,"",0,"8","R",0,"8",0,"8",0,"8"
"354180155","GDAŃSK-WIBNO","2023","07","21",21.0,"",10.8,"",16.2,"",8.7,"",5.0,"","W",0,"9",.0,"9",8.5,"",.0,"8",.0,"8",.0,"8",.0,"8",.0,"8",.0,"8",.0,"8",.0,"8",.0,"8",.0,"8",.0,"8",.0,"8",.0,"8",.0,"8",.0,"8",.0,"8",0,"",0,"8","R",0,"8",0,"8",0,"8"
"354180155","GDAŃSK-WIBNO","2023","07","22",20.3,"",13.6,"",16.3,"",13.0,"",2.2,"","W",0,"9",.0,"9",4.5,"",.0,"8",.0,"8",.0,"8",.0,"8",.0,"8",.0,"8",.0,"8",.0,"8",.0,"8",.0,"8",.0,"8",.0,"8",.0,"8",.0,"8",.0,"8",.0,"8",0,"",0,"8","R",0,"8",0,"8",0,"8"
"354180155","GDAŃSK-WIBNO","2023","07","23",21.9,"",11.7,"",15.7,"",9.8,"",1.9,"","W",0,"9",.0,"9",1.4,"",.0,"8",.0,"8",.0,"8",.0,"8",.0,"8",.0,"8",.0,"8",.0,"8",.0,"8",.0,"8",.0,"8",.0,"8",.0,"8",.0,"8",.0,"8",.0,"8",0,"",0,"8","R",0,"8",0,"8",0,"8"
"354180155","GDAŃSK-WIBNO","2023","07","24",27.1,"",14.5,"",19.9,"",13.5,"",22.0,"","W",0,"9",.0,"9",7.8,"",.0,"8",.0,"8",.0,"8",.0,"8",.0,"8",.0,"8",.0,"8",.0,"8",.0,"8",.0,"8",.0,"8",.0,"8",.0,"8",.0,"8",.0,"8",.0,"8",0,"",0,"8","R",0,"8",0,"8",0,"8"
"354180155","GDAŃSK-WIBNO","2023","07","25",22.7,"",16.4,"",19.0,"",15.9,"",.0,"9","",0,"9",.0,"9",6.5,"",.0,"8",.0,"8",.0,"8",.0,"8",.0,"8",.0,"8",.0,"8",.0,"8",.0,"8",.0,"8",.0,"8",.0,"8",.0,"8",.0,"8",.0,"8",.0,"8",0,"",0,"8","R",0,"8",0,"8",0,"8"
"354180155","GDAŃSK-WIBNO","2023","07","26",19.8,"",12.1,"",15.5,"",11.2,"",2.3,"","W",0,"9",.0,"9",5.2,"",.0,"8",.0,"8",.0,"8",.0,"8",.0,"8",.0,"8",.0,"8",.0,"8",.0,"8",.0,"8",.0,"8",.0,"8",.0,"8",.0,"8",.0,"8",.0,"8",0,"",0,"8","R",0,"8",0,"8",0,"8"
"354180155","GDAŃSK-WIBNO","2023","07","27",22.5,"",9.6,"",15.9,"",8.6,"",.4,"","W",0,"9",.0,"9",7.9,"",.0,"8",.0,"8",.0,"8",.0,"8",.0,"8",.0,"8",.0,"8",.0,"8",.0,"8",.0,"8",.0,"8",.0,"8",.0,"8",.0,"8",.0,"8",.0,"8",0,"",0,"8","R",0,"8",0,"8",0,"8"
"354180155","GDAŃSK-WIBNO","2023","07","28",20.9,"",13.6,"",16.9,"",12.4,"",.0,"9","",0,"9",.0,"9",3.7,"",.0,"8",.0,"8",.0,"8",.0,"8",.0,"8",.0,"8",.0,"8",.0,"8",.0,"8",.0,"8",.0,"8",.0,"8",.0,"8",.0,"8",.0,"8",.0,"8",0,"",0,"8","R",0,"8",0,"8",0,"8"
"354180155","GDAŃSK-WIBNO","2023","07","29",26.2,"",11.4,"",19.2,"",9.8,"",6.7,"","W",0,"9",.0,"9",11.0,"",.0,"8",.0,"8",.0,"8",.0,"8",.0,"8",.0,"8",.0,"8",.0,"8",.0,"8",.0,"8",.0,"8",.0,"8",.0,"8",.0,"8",.0,"8",.0,"8",0,"",0,"8","R",0,"8",0,"8",0,"8"
"354180155","GDAŃSK-WIBNO","2023","07","30",24.8,"",15.5,"",18.2,"",14.4,"",10.1,"","W",0,"9",.0,"9",7.5,"",.0,"8",.0,"8",.0,"8",.0,"8",.0,"8",.0,"8",.0,"8",.0,"8",.0,"8",.0,"8",.0,"8",.0,"8",.0,"8",.0,"8",.0,"8",.0,"8",0,"",0,"8","R",0,"8",0,"8",0,"8"
"354180155","GDAŃSK-WIBNO","2023","07","31",21.9,"",13.8,"",17.6,"",13.1,"",.4,"","W",0,"9",.0,"9",7.1,"",.0,"8",.0,"8",.0,"8",.0,"8",.0,"8",.0,"8",.0,"8",.0,"8",.0,"8",.0,"8",.0,"8",.0,"8",.0,"8",.0,"8",.0,"8",.0,"8",0,"",0,"8","R",0,"8",0,"8",0,"8"
"354180155","GDAŃSK-WIBNO","2023","08","01",19.4,"",17.2,"",17.8,"",16.3,"",15.7,"","W",0,"9",.0,"9",.1,"",.0,"8",.0,"8",.0,"8",.0,"8",.0,"8",.0,"8",.0,"8",.0,"8",.0,"8",.0,"8",.0,"8",.0,"8",.0,"8",.0,"8",.0,"8",.0,"8",0,"",0,"8","R",0,"8",0,"8",0,"8"
"354180155","GDAŃSK-WIBNO","2023","08","02",23.4,"",14.6,"",18.6,"",13.6,"",.0,"9","",0,"9",.0,"9",8.0,"",.0,"8",.0,"8",.0,"8",.0,"8",.0,"8",.0,"8",.0,"8",.0,"8",.0,"8",.0,"8",.0,"8",.0,"8",.0,"8",.0,"8",.0,"8",.0,"8",0,"",0,"8","R",0,"8",0,"8",0,"8"
"354180155","GDAŃSK-WIBNO","2023","08","03",26.4,"",18.2,"",20.6,"",17.0,"",4.5,"","W",0,"9",.0,"9",7.2,"",.0,"8",.0,"8",.0,"8",.0,"8",.0,"8",.0,"8",.0,"8",.0,"8",.0,"8",.0,"8",.0,"8",.0,"8",.0,"8",.0,"8",.0,"8",.0,"8",0,"",0,"8","R",0,"8",0,"8",0,"8"
"354180155","GDAŃSK-WIBNO","2023","08","04",24.5,"",15.4,"",19.0,"",14.4,"",.5,"","W",0,"9",.0,"9",7.5,"",.0,"8",.0,"8",.0,"8",.0,"8",.0,"8",.0,"8",.0,"8",.0,"8",.0,"8",.0,"8",.0,"8",.0,"8",.0,"8",.0,"8",.0,"8",.0,"8",0,"",0,"8","R",0,"8",0,"8",0,"8"
"354180155","GDAŃSK-WIBNO","2023","08","05",20.2,"",13.8,"",17.8,"",11.9,"",4.4,"","W",0,"9",.0,"9",4.2,"",.0,"8",.0,"8",.0,"8",.0,"8",.0,"8",.0,"8",.0,"8",.0,"8",.0,"8",.0,"8",.0,"8",.0,"8",.0,"8",.0,"8",.0,"8",.0,"8",0,"",0,"8","R",0,"8",0,"8",0,"8"
"354180155","GDAŃSK-WIBNO","2023","08","06",23.2,"",17.4,"",19.5,"",15.7,"",3.9,"","W",0,"9",.0,"9",2.0,"",.0,"8",.0,"8",.0,"8",.0,"8",.0,"8",.0,"8",.0,"8",.0,"8",.0,"8",.0,"8",.0,"8",.0,"8",.0,"8",.0,"8",.0,"8",.0,"8",0,"",0,"8","R",0,"8",0,"8",0,"8"
"354180155","GDAŃSK-WIBNO","2023","08","07",20.9,"",14.6,"",16.0,"",14.1,"",.1,"","W",0,"9",.0,"9",.5,"",.0,"8",.0,"8",.0,"8",.0,"8",.0,"8",.0,"8",.0,"8",.0,"8",.0,"8",.0,"8",.0,"8",.0,"8",.0,"8",.0,"8",.0,"8",.0,"8",0,"",0,"8","R",0,"8",0,"8",0,"8"
"354180155","GDAŃSK-WIBNO","2023","08","08",20.1,"",12.5,"",15.3,"",12.0,"",1.6,"","W",0,"9",.0,"9",7.4,"",.0,"8",.0,"8",.0,"8",.0,"8",.0,"8",.0,"8",.0,"8",.0,"8",.0,"8",.0,"8",.0,"8",.0,"8",.0,"8",.0,"8",.0,"8",.0,"8",0,"",0,"8","R",0,"8",0,"8",0,"8"
"354180155","GDAŃSK-WIBNO","2023","08","09",21.6,"",10.3,"",15.0,"",9.2,"",2.2,"","W",0,"9",.0,"9",9.4,"",.0,"8",.0,"8",.0,"8",.0,"8",.0,"8",.0,"8",.0,"8",.0,"8",.0,"8",.0,"8",.0,"8",.0,"8",.0,"8",.0,"8",.0,"8",.0,"8",0,"",0,"8","R",0,"8",0,"8",0,"8"
"354180155","GDAŃSK-WIBNO","2023","08","10",20.4,"",10.0,"",15.1,"",8.3,"",.0,"9","",0,"9",.0,"9",3.1,"",.0,"8",.0,"8",.0,"8",.0,"8",.0,"8",.0,"8",.0,"8",.0,"8",.0,"8",.0,"8",.0,"8",.0,"8",.0,"8",.0,"8",.0,"8",.0,"8",0,"",0,"8","R",0,"8",0,"8",0,"8"
"354180155","GDAŃSK-WIBNO","2023","08","11",21.6,"",12.0,"",16.5,"",10.6,"",.0,"9","",0,"9",.0,"9",10.9,"",.0,"8",.0,"8",.0,"8",.0,"8",.0,"8",.0,"8",.0,"8",.0,"8",.0,"8",.0,"8",.0,"8",.0,"8",.0,"8",.0,"8",.0,"8",.0,"8",0,"",0,"8","R",0,"8",0,"8",0,"8"
"354180155","GDAŃSK-WIBNO","2023","08","12",26.9,"",12.2,"",19.9,"",11.1,"",.0,"","W",0,"9",.0,"9",11.0,"",.0,"8",.0,"8",.0,"8",.0,"8",.0,"8",.0,"8",.0,"8",.0,"8",.0,"8",.0,"8",.0,"8",.0,"8",.0,"8",.0,"8",.0,"8",.0,"8",0,"",0,"8","R",0,"8",0,"8",0,"8"
"354180155","GDAŃSK-WIBNO","2023","08","13",25.1,"",17.1,"",19.5,"",15.8,"",.0,"9","",0,"9",.0,"9",5.7,"",.0,"8",.0,"8",.0,"8",.0,"8",.0,"8",.0,"8",.0,"8",.0,"8",.0,"8",.0,"8",.0,"8",.0,"8",.0,"8",.0,"8",.0,"8",.0,"8",0,"",0,"8","R",0,"8",0,"8",0,"8"
"354180155","GDAŃSK-WIBNO","2023","08","14",27.2,"",13.9,"",20.9,"",12.0,"",.0,"9","",0,"9",.0,"9",12.4,"",.0,"8",.0,"8",.0,"8",.0,"8",.0,"8",.0,"8",.0,"8",.0,"8",.0,"8",.0,"8",.0,"8",.0,"8",.0,"8",.0,"8",.0,"8",.0,"8",0,"",0,"8","R",0,"8",0,"8",0,"8"
"354180155","GDAŃSK-WIBNO","2023","08","15",34.4,"",17.4,"",25.1,"",15.5,"",.0,"9","",0,"9",.0,"9",12.5,"",.0,"8",.0,"8",.0,"8",.0,"8",.0,"8",.0,"8",.0,"8",.0,"8",.0,"8",.0,"8",.0,"8",.0,"8",.0,"8",.0,"8",.0,"8",.0,"8",0,"",0,"8","R",0,"8",0,"8",0,"8"
"354180155","GDAŃSK-WIBNO","2023","08","16",24.2,"",19.9,"",21.3,"",18.7,"",1.6,"","W",0,"9",.0,"9",12.6,"",.0,"8",.0,"8",.0,"8",.0,"8",.0,"8",.0,"8",.0,"8",.0,"8",.0,"8",.0,"8",.0,"8",.0,"8",.0,"8",.0,"8",.0,"8",.0,"8",0,"",0,"8","R",0,"8",0,"8",0,"8"
"354180155","GDAŃSK-WIBNO","2023","08","17",20.9,"",17.8,"",19.2,"",17.0,"",.7,"","W",0,"9",.0,"9",5.7,"",.0,"8",.0,"8",.0,"8",.0,"8",.0,"8",.0,"8",.0,"8",.0,"8",.0,"8",.0,"8",.0,"8",.0,"8",.0,"8",.0,"8",.0,"8",.0,"8",0,"",0,"8","R",0,"8",0,"8",0,"8"
"354180155","GDAŃSK-WIBNO","2023","08","18",27.0,"",19.1,"",22.6,"",18.5,"",.1,"","W",0,"9",.0,"9",3.8,"",.0,"8",.0,"8",.0,"8",.0,"8",.0,"8",.0,"8",.0,"8",.0,"8",.0,"8",.0,"8",.0,"8",.0,"8",.0,"8",.0,"8",.0,"8",.0,"8",0,"",0,"8","R",0,"8",0,"8",0,"8"
"354180155","GDAŃSK-WIBNO","2023","08","19",25.7,"",20.8,"",22.6,"",19.8,"",.0,"9","",0,"9",.0,"9",10.3,"",.0,"8",.0,"8",.0,"8",.0,"8",.0,"8",.0,"8",.0,"8",.0,"8",.0,"8",.0,"8",.0,"8",.0,"8",.0,"8",.0,"8",.0,"8",.0,"8",0,"",0,"8","R",0,"8",0,"8",0,"8"
"354180155","GDAŃSK-WIBNO","2023","08","20",26.1,"",19.7,"",21.9,"",17.7,"",.0,"9","",0,"9",.0,"9",8.5,"",.0,"8",.0,"8",.0,"8",.0,"8",.0,"8",.0,"8",.0,"8",.0,"8",.0,"8",.0,"8",.0,"8",.0,"8",.0,"8",.0,"8",.0,"8",.0,"8",0,"",0,"8","R",0,"8",0,"8",0,"8"
"354180155","GDAŃSK-WIBNO","2023","08","21",25.1,"",16.6,"",20.2,"",14.9,"",.0,"9","",0,"9",.0,"9",8.9,"",.0,"8",.0,"8",.0,"8",.0,"8",.0,"8",.0,"8",.0,"8",.0,"8",.0,"8",.0,"8",.0,"8",.0,"8",.0,"8",.0,"8",.0,"8",.0,"8",0,"",0,"8","R",0,"8",0,"8",0,"8"
"354180155","GDAŃSK-WIBNO","2023","08","22",23.8,"",12.7,"",18.2,"",10.8,"",.0,"9","",0,"9",.0,"9",9.0,"",.0,"8",.0,"8",.0,"8",.0,"8",.0,"8",.0,"8",.0,"8",.0,"8",.0,"8",.0,"8",.0,"8",.0,"8",.0,"8",.0,"8",.0,"8",.0,"8",0,"",0,"8","R",0,"8",0,"8",0,"8"
"354180155","GDAŃSK-WIBNO","2023","08","23",23.6,"",12.4,"",18.7,"",10.4,"",.0,"9","",0,"9",.0,"9",11.0,"",.0,"8",.0,"8",.0,"8",.0,"8",.0,"8",.0,"8",.0,"8",.0,"8",.0,"8",.0,"8",.0,"8",.0,"8",.0,"8",.0,"8",.0,"8",.0,"8",0,"",0,"8","R",0,"8",0,"8",0,"8"
"354180155","GDAŃSK-WIBNO","2023","08","24",22.2,"",15.8,"",19.5,"",15.0,"",.0,"","W",0,"9",.0,"9",6.6,"",.0,"8",.0,"8",.0,"8",.0,"8",.0,"8",.0,"8",.0,"8",.0,"8",.0,"8",.0,"8",.0,"8",.0,"8",.0,"8",.0,"8",.0,"8",.0,"8",0,"",0,"8","R",0,"8",0,"8",0,"8"
"354180155","GDAŃSK-WIBNO","2023","08","25",28.8,"",15.6,"",21.0,"",14.6,"",4.2,"","W",0,"9",.0,"9",4.2,"",.0,"8",.0,"8",.0,"8",.0,"8",.0,"8",.0,"8",.0,"8",.0,"8",.0,"8",.0,"8",.0,"8",.0,"8",.0,"8",.0,"8",.0,"8",.0,"8",0,"",0,"8","R",0,"8",0,"8",0,"8"
"354180155","GDAŃSK-WIBNO","2023","08","26",25.7,"",19.4,"",21.9,"",17.6,"",.0,"","W",0,"9",.0,"9",6.4,"",.0,"8",.0,"8",.0,"8",.0,"8",.0,"8",.0,"8",.0,"8",.0,"8",.0,"8",.0,"8",.0,"8",.0,"8",.0,"8",.0,"8",.0,"8",.0,"8",0,"",0,"8","R",0,"8",0,"8",0,"8"
"354180155","GDAŃSK-WIBNO","2023","08","27",22.0,"",18.4,"",19.3,"",17.0,"",19.5,"","W",0,"9",.0,"9",1.5,"",.0,"8",.0,"8",.0,"8",.0,"8",.0,"8",.0,"8",.0,"8",.0,"8",.0,"8",.0,"8",.0,"8",.0,"8",.0,"8",.0,"8",.0,"8",.0,"8",0,"",0,"8","R",0,"8",0,"8",0,"8"
"354180155","GDAŃSK-WIBNO","2023","08","28",22.9,"",15.4,"",18.6,"",14.8,"",7.0,"","W",0,"9",.0,"9",7.1,"",.0,"8",.0,"8",.0,"8",.0,"8",.0,"8",.0,"8",.0,"8",.0,"8",.0,"8",.0,"8",.0,"8",.0,"8",.0,"8",.0,"8",.0,"8",.0,"8",0,"",0,"8","R",0,"8",0,"8",0,"8"
"354180155","GDAŃSK-WIBNO","2023","08","29",18.7,"",14.6,"",17.3,"",14.1,"",1.3,"","W",0,"9",.0,"9",.0,"9",.0,"8",.0,"8",.0,"8",.0,"8",.0,"8",.0,"8",.0,"8",.0,"8",.0,"8",.0,"8",.0,"8",.0,"8",.0,"8",.0,"8",.0,"8",.0,"8",0,"",0,"8","R",0,"8",0,"8",0,"8"
"354180155","GDAŃSK-WIBNO","2023","08","30",18.9,"",17.2,"",17.8,"",16.2,"",3.0,"","W",0,"9",.0,"9",.0,"9",.0,"8",.0,"8",.0,"8",.0,"8",.0,"8",.0,"8",.0,"8",.0,"8",.0,"8",.0,"8",.0,"8",.0,"8",.0,"8",.0,"8",.0,"8",.0,"8",0,"",0,"8","R",0,"8",0,"8",0,"8"
"354180155","GDAŃSK-WIBNO","2023","08","31",20.6,"",14.2,"",15.9,"",13.1,"",1.5,"","W",0,"9",.0,"9",1.9,"",.0,"8",.0,"8",.0,"8",.0,"8",.0,"8",.0,"8",.0,"8",.0,"8",.0,"8",.0,"8",.0,"8",.0,"8",.0,"8",.0,"8",.0,"8",.0,"8",0,"",0,"8","R",0,"8",0,"8",0,"8"
"354180155","GDAŃSK-WIBNO","2023","09","01",16.4,"",10.3,"",13.6,"",9.1,"",3.5,"","W",0,"9",.0,"9",2.0,"",.0,"8",.0,"8",.0,"8",.0,"8",.0,"8",.0,"8",.0,"8",.0,"8",.0,"8",.0,"8",.0,"8",.0,"8",.0,"8",.0,"8",.0,"8",.0,"8",0,"",0,"8","R",0,"8",0,"8",0,"8"
"354180155","GDAŃSK-WIBNO","2023","09","02",22.6,"",11.7,"",16.7,"",10.6,"",.0,"","W",0,"9",.0,"9",9.7,"",.0,"8",.0,"8",.0,"8",.0,"8",.0,"8",.0,"8",.0,"8",.0,"8",.0,"8",.0,"8",.0,"8",.0,"8",.0,"8",.0,"8",.0,"8",.0,"8",0,"",0,"8","R",0,"8",0,"8",0,"8"
"354180155","GDAŃSK-WIBNO","2023","09","03",21.0,"",10.7,"",15.7,"",8.9,"",.0,"9","",0,"9",.0,"9",7.2,"",.0,"8",.0,"8",.0,"8",.0,"8",.0,"8",.0,"8",.0,"8",.0,"8",.0,"8",.0,"8",.0,"8",.0,"8",.0,"8",.0,"8",.0,"8",.0,"8",0,"",0,"8","R",0,"8",0,"8",0,"8"
"354180155","GDAŃSK-WIBNO","2023","09","04",22.9,"",12.7,"",17.4,"",11.1,"",.0,"9","",0,"9",.0,"9",3.0,"",.0,"8",.0,"8",.0,"8",.0,"8",.0,"8",.0,"8",.0,"8",.0,"8",.0,"8",.0,"8",.0,"8",.0,"8",.0,"8",.0,"8",.0,"8",.0,"8",0,"",0,"8","R",0,"8",0,"8",0,"8"
"354180155","GDAŃSK-WIBNO","2023","09","05",26.9,"",12.9,"",19.8,"",11.6,"",.0,"9","",0,"9",.0,"9",12.1,"",.0,"8",.0,"8",.0,"8",.0,"8",.0,"8",.0,"8",.0,"8",.0,"8",.0,"8",.0,"8",.0,"8",.0,"8",.0,"8",.0,"8",.0,"8",.0,"8",0,"",0,"8","R",0,"8",0,"8",0,"8"
"354180155","GDAŃSK-WIBNO","2023","09","06",22.0,"",14.5,"",18.5,"",12.6,"",.0,"9","",0,"9",.0,"9",11.8,"",.0,"8",.0,"8",.0,"8",.0,"8",.0,"8",.0,"8",.0,"8",.0,"8",.0,"8",.0,"8",.0,"8",.0,"8",.0,"8",.0,"8",.0,"8",.0,"8",0,"",0,"8","R",0,"8",0,"8",0,"8"
"354180155","GDAŃSK-WIBNO","2023","09","07",22.4,"",15.9,"",19.0,"",13.5,"",.0,"9","",0,"9",.0,"9",11.7,"",.0,"8",.0,"8",.0,"8",.0,"8",.0,"8",.0,"8",.0,"8",.0,"8",.0,"8",.0,"8",.0,"8",.0,"8",.0,"8",.0,"8",.0,"8",.0,"8",0,"",0,"8","R",0,"8",0,"8",0,"8"
"354180155","GDAŃSK-WIBNO","2023","09","08",24.0,"",13.4,"",18.9,"",11.8,"",.0,"9","",0,"9",.0,"9",11.6,"",.0,"8",.0,"8",.0,"8",.0,"8",.0,"8",.0,"8",.0,"8",.0,"8",.0,"8",.0,"8",.0,"8",.0,"8",.0,"8",.0,"8",.0,"8",.0,"8",0,"",0,"8","R",0,"8",0,"8",0,"8"
"354180155","GDAŃSK-WIBNO","2023","09","09",26.6,"",13.9,"",19.5,"",12.9,"",.0,"9","",0,"9",.0,"9",9.8,"",.0,"8",.0,"8",.0,"8",.0,"8",.0,"8",.0,"8",.0,"8",.0,"8",.0,"8",.0,"8",.0,"8",.0,"8",.0,"8",.0,"8",.0,"8",.0,"8",0,"",0,"8","R",0,"8",0,"8",0,"8"
"354180155","GDAŃSK-WIBNO","2023","09","10",28.6,"",13.8,"",21.0,"",12.2,"",.0,"9","",0,"9",.0,"9",11.3,"",.0,"8",.0,"8",.0,"8",.0,"8",.0,"8",.0,"8",.0,"8",.0,"8",.0,"8",.0,"8",.0,"8",.0,"8",.0,"8",.0,"8",.0,"8",.0,"8",0,"",0,"8","R",0,"8",0,"8",0,"8"
"354180155","GDAŃSK-WIBNO","2023","09","11",24.1,"",14.2,"",19.4,"",13.0,"",.1,"","W",0,"9",.0,"9",10.9,"",.0,"8",.0,"8",.0,"8",.0,"8",.0,"8",.0,"8",.0,"8",.0,"8",.0,"8",.0,"8",.0,"8",.0,"8",.0,"8",.0,"8",.0,"8",.0,"8",0,"",0,"8","R",0,"8",0,"8",0,"8"
"354180155","GDAŃSK-WIBNO","2023","09","12",29.6,"",13.8,"",20.8,"",13.3,"",.0,"9","",0,"9",.0,"9",10.1,"",.0,"8",.0,"8",.0,"8",.0,"8",.0,"8",.0,"8",.0,"8",.0,"8",.0,"8",.0,"8",.0,"8",.0,"8",.0,"8",.0,"8",.0,"8",.0,"8",0,"",0,"8","R",0,"8",0,"8",0,"8"
"354180155","GDAŃSK-WIBNO","2023","09","13",28.1,"",15.8,"",20.3,"",15.0,"",5.8,"","W",0,"9",.0,"9",5.4,"",.0,"8",.0,"8",.0,"8",.0,"8",.0,"8",.0,"8",.0,"8",.0,"8",.0,"8",.0,"8",.0,"8",.0,"8",.0,"8",.0,"8",.0,"8",.0,"8",0,"",0,"8","R",0,"8",0,"8",0,"8"
"354180155","GDAŃSK-WIBNO","2023","09","14",19.9,"",16.6,"",17.7,"",15.1,"",.3,"","W",0,"9",.0,"9",7.1,"",.0,"8",.0,"8",.0,"8",.0,"8",.0,"8",.0,"8",.0,"8",.0,"8",.0,"8",.0,"8",.0,"8",.0,"8",.0,"8",.0,"8",.0,"8",.0,"8",0,"",0,"8","R",0,"8",0,"8",0,"8"
"354180155","GDAŃSK-WIBNO","2023","09","15",19.0,"",9.9,"",14.9,"",9.2,"",.0,"9","",0,"9",.0,"9",11.1,"",.0,"8",.0,"8",.0,"8",.0,"8",.0,"8",.0,"8",.0,"8",.0,"8",.0,"8",.0,"8",.0,"8",.0,"8",.0,"8",.0,"8",.0,"8",.0,"8",0,"",0,"8","R",0,"8",0,"8",0,"8"
"354180155","GDAŃSK-WIBNO","2023","09","16",22.7,"",9.4,"",15.9,"",6.4,"",.0,"9","",0,"9",.0,"9",11.4,"",.0,"8",.0,"8",.0,"8",.0,"8",.0,"8",.0,"8",.0,"8",.0,"8",.0,"8",.0,"8",.0,"8",.0,"8",.0,"8",.0,"8",.0,"8",.0,"8",0,"",0,"8","R",0,"8",0,"8",0,"8"
"354180155","GDAŃSK-WIBNO","2023","09","17",24.0,"",11.3,"",17.0,"",10.1,"",.0,"9","",0,"9",.0,"9",11.1,"",.0,"8",.0,"8",.0,"8",.0,"8",.0,"8",.0,"8",.0,"8",.0,"8",.0,"8",.0,"8",.0,"8",.0,"8",.0,"8",.0,"8",.0,"8",.0,"8",0,"",0,"8","R",0,"8",0,"8",0,"8"
"354180155","GDAŃSK-WIBNO","2023","09","18",26.8,"",15.4,"",20.8,"",13.5,"",1.7,"","W",0,"9",.0,"9",10.1,"",.0,"8",.0,"8",.0,"8",.0,"8",.0,"8",.0,"8",.0,"8",.0,"8",.0,"8",.0,"8",.0,"8",.0,"8",.0,"8",.0,"8",.0,"8",.0,"8",0,"",0,"8","R",0,"8",0,"8",0,"8"
"354180155","GDAŃSK-WIBNO","2023","09","19",22.8,"",15.9,"",18.7,"",12.9,"",.0,"9","",0,"9",.0,"9",4.5,"",.0,"8",.0,"8",.0,"8",.0,"8",.0,"8",.0,"8",.0,"8",.0,"8",.0,"8",.0,"8",.0,"8",.0,"8",.0,"8",.0,"8",.0,"8",.0,"8",0,"",0,"8","R",0,"8",0,"8",0,"8"
"354180155","GDAŃSK-WIBNO","2023","09","20",22.9,"",11.1,"",16.7,"",9.3,"",.0,"","W",0,"9",.0,"9",10.1,"",.0,"8",.0,"8",.0,"8",.0,"8",.0,"8",.0,"8",.0,"8",.0,"8",.0,"8",.0,"8",.0,"8",.0,"8",.0,"8",.0,"8",.0,"8",.0,"8",0,"",0,"8","R",0,"8",0,"8",0,"8"
"354180155","GDAŃSK-WIBNO","2023","09","21",26.5,"",12.2,"",19.7,"",11.2,"",.0,"9","",0,"9",.0,"9",10.9,"",.0,"8",.0,"8",.0,"8",.0,"8",.0,"8",.0,"8",.0,"8",.0,"8",.0,"8",.0,"8",.0,"8",.0,"8",.0,"8",.0,"8",.0,"8",.0,"8",0,"",0,"8","R",0,"8",0,"8",0,"8"
"354180155","GDAŃSK-WIBNO","2023","09","22",26.4,"",16.6,"",20.1,"",15.9,"",1.3,"","W",0,"9",.0,"9",7.3,"",.0,"8",.0,"8",.0,"8",.0,"8",.0,"8",.0,"8",.0,"8",.0,"8",.0,"8",.0,"8",.0,"8",.0,"8",.0,"8",.0,"8",.0,"8",.0,"8",0,"",0,"8","R",0,"8",0,"8",0,"8"
"354180155","GDAŃSK-WIBNO","2023","09","23",21.4,"",14.7,"",16.7,"",14.3,"",.0,"9","",0,"9",.0,"9",7.4,"",.0,"8",.0,"8",.0,"8",.0,"8",.0,"8",.0,"8",.0,"8",.0,"8",.0,"8",.0,"8",.0,"8",.0,"8",.0,"8",.0,"8",.0,"8",.0,"8",0,"",0,"8","R",0,"8",0,"8",0,"8"
"354180155","GDAŃSK-WIBNO","2023","09","24",18.4,"",10.4,"",14.5,"",8.6,"",.0,"9","",0,"9",.0,"9",9.0,"",.0,"8",.0,"8",.0,"8",.0,"8",.0,"8",.0,"8",.0,"8",.0,"8",.0,"8",.0,"8",.0,"8",.0,"8",.0,"8",.0,"8",.0,"8",.0,"8",0,"",0,"8","R",0,"8",0,"8",0,"8"
"354180155","GDAŃSK-WIBNO","2023","09","25",20.6,"",7.3,"",14.1,"",5.5,"",.0,"9","",0,"9",.0,"9",9.6,"",.0,"8",.0,"8",.0,"8",.0,"8",.0,"8",.0,"8",.0,"8",.0,"8",.0,"8",.0,"8",.0,"8",.0,"8",.0,"8",.0,"8",.0,"8",.0,"8",0,"",0,"8","R",0,"8",0,"8",0,"8"
"354180155","GDAŃSK-WIBNO","2023","09","26",21.2,"",12.8,"",16.5,"",11.2,"",.0,"9","",0,"9",.0,"9",1.5,"",.0,"8",.0,"8",.0,"8",.0,"8",.0,"8",.0,"8",.0,"8",.0,"8",.0,"8",.0,"8",.0,"8",.0,"8",.0,"8",.0,"8",.0,"8",.0,"8",0,"",0,"8","R",0,"8",0,"8",0,"8"
"354180155","GDAŃSK-WIBNO","2023","09","27",26.3,"",12.2,"",18.3,"",10.7,"",.0,"9","",0,"9",.0,"9",9.4,"",.0,"8",.0,"8",.0,"8",.0,"8",.0,"8",.0,"8",.0,"8",.0,"8",.0,"8",.0,"8",.0,"8",.0,"8",.0,"8",.0,"8",.0,"8",.0,"8",0,"",0,"8","R",0,"8",0,"8",0,"8"
"354180155","GDAŃSK-WIBNO","2023","09","28",26.5,"",13.3,"",18.9,"",11.2,"",.0,"9","",0,"9",.0,"9",10.5,"",.0,"8",.0,"8",.0,"8",.0,"8",.0,"8",.0,"8",.0,"8",.0,"8",.0,"8",.0,"8",.0,"8",.0,"8",.0,"8",.0,"8",.0,"8",.0,"8",0,"",0,"8","R",0,"8",0,"8",0,"8"
"354180155","GDAŃSK-WIBNO","2023","09","29",25.5,"",11.9,"",18.3,"",10.5,"",.8,"","W",0,"9",.0,"9",7.4,"",.0,"8",.0,"8",.0,"8",.0,"8",.0,"8",.0,"8",.0,"8",.0,"8",.0,"8",.0,"8",.0,"8",.0,"8",.0,"8",.0,"8",.0,"8",.0,"8",0,"",0,"8","R",0,"8",0,"8",0,"8"
"354180155","GDAŃSK-WIBNO","2023","09","30",20.2,"",14.4,"",16.6,"",13.0,"",.0,"","W",0,"9",.0,"9",6.3,"",.0,"8",.0,"8",.0,"8",.0,"8",.0,"8",.0,"8",.0,"8",.0,"8",.0,"8",.0,"8",.0,"8",.0,"8",.0,"8",.0,"8",.0,"8",.0,"8",0,"",0,"8","R",0,"8",0,"8",0,"8"
"354180155","GDAŃSK-WIBNO","2023","10","01",18.2,"",12.4,"",14.5,"",11.3,"",.0,"9","",0,"8",.0,"8",6.4,"",.0,"8",.0,"8",.0,"8",.0,"8",.0,"8",.0,"8",.0,"8",.0,"8",.0,"8",.0,"8",.0,"8",.0,"8",.0,"8",.0,"8",.0,"8",.0,"8",0,"",0,"8","R",0,"8",0,"8",0,"8"
"354180155","GDAŃSK-WIBNO","2023","10","02",19.5,"",9.7,"",15.5,"",7.5,"",.0,"","W",0,"9",.0,"9",.4,"",.0,"8",.0,"8",.0,"8",.0,"8",.0,"8",.0,"8",.0,"8",.0,"8",.0,"8",.0,"8",.0,"8",.0,"8",.0,"8",.0,"8",.0,"8",.0,"8",0,"",0,"8","R",0,"8",0,"8",0,"8"
"354180155","GDAŃSK-WIBNO","2023","10","03",25.8,"",13.4,"",19.3,"",11.9,"",1.2,"","W",0,"9",.0,"9",5.0,"",.0,"8",.0,"8",.0,"8",.0,"8",.0,"8",.0,"8",.0,"8",.0,"8",.0,"8",.0,"8",.0,"8",.0,"8",.0,"8",.0,"8",.0,"8",.0,"8",0,"",0,"8","R",0,"8",0,"8",0,"8"
"354180155","GDAŃSK-WIBNO","2023","10","04",20.5,"",12.5,"",14.1,"",10.5,"",.0,"","W",0,"9",.0,"9",4.8,"",.0,"8",.0,"8",.0,"8",.0,"8",.0,"8",.0,"8",.0,"8",.0,"8",.0,"8",.0,"8",.0,"8",.0,"8",.0,"8",.0,"8",.0,"8",.0,"8",0,"",0,"8","R",0,"8",0,"8",0,"8"
"354180155","GDAŃSK-WIBNO","2023","10","05",17.0,"",11.5,"",12.3,"",10.6,"",2.2,"","W",0,"8",.0,"8",2.7,"",.0,"8",.0,"8",.0,"8",.0,"8",.0,"8",.0,"8",.0,"8",.0,"8",.0,"8",.0,"8",.0,"8",.0,"8",.0,"8",.0,"8",.0,"8",.0,"8",0,"",0,"8","R",0,"8",0,"8",0,"8"
"354180155","GDAŃSK-WIBNO","2023","10","06",14.8,"",7.1,"",11.8,"",5.2,"",.0,"","W",0,"8",.0,"8",1.5,"",.0,"8",.0,"8",.0,"8",.0,"8",.0,"8",.0,"8",.0,"8",.0,"8",.0,"8",.0,"8",.0,"8",.0,"8",.0,"8",.0,"8",.0,"8",.0,"8",0,"",0,"8","R",0,"8",0,"8",0,"8"
"354180155","GDAŃSK-WIBNO","2023","10","07",17.6,"",12.1,"",14.3,"",11.5,"",.0,"9","",0,"8",.0,"8",3.9,"",.0,"8",.0,"8",.0,"8",.0,"8",.0,"8",.0,"8",.0,"8",.0,"8",.0,"8",.0,"8",.0,"8",.0,"8",.0,"8",.0,"8",.0,"8",.0,"8",0,"",0,"8","R",0,"8",0,"8",0,"8"
"354180155","GDAŃSK-WIBNO","2023","10","08",12.1,"",8.1,"",9.5,"",7.0,"",.0,"9","",0,"8",.0,"8",7.9,"",.0,"8",.0,"8",.0,"8",.0,"8",.0,"8",.0,"8",.0,"8",.0,"8",.0,"8",.0,"8",.0,"8",.0,"8",.0,"8",.0,"8",.0,"8",.0,"8",0,"",0,"8","R",0,"8",0,"8",0,"8"
"354180155","GDAŃSK-WIBNO","2023","10","09",12.9,"",2.8,"",7.2,"",1.1,"",.0,"9","",0,"9",.0,"9",7.4,"",.0,"8",.0,"8",.0,"8",.0,"8",.0,"8",.0,"8",.0,"8",.0,"8",.0,"8",.0,"8",.0,"8",.0,"8",.0,"8",.0,"8",.0,"8",.0,"8",0,"",0,"8","R",0,"8",0,"8",0,"8"
"354180155","GDAŃSK-WIBNO","2023","10","10",13.5,"",2.4,"",7.5,"",-.1,"",.0,"","W",0,"9",.0,"9",2.8,"",.0,"8",.0,"8",.0,"8",.0,"8",.0,"8",.0,"8",.0,"8",.0,"8",.0,"8",.0,"8",.0,"8",.0,"8",.0,"8",.0,"8",.0,"8",.0,"8",0,"",0,"8","R",0,"8",0,"8",0,"8"
"354180155","GDAŃSK-WIBNO","2023","10","11",21.0,"",6.8,"",15.5,"",5.6,"",5.4,"","W",0,"9",.0,"9",2.6,"",.0,"8",.0,"8",.0,"8",.0,"8",.0,"8",.0,"8",.0,"8",.0,"8",.0,"8",.0,"8",.0,"8",.0,"8",.0,"8",.0,"8",.0,"8",.0,"8",0,"",0,"8","R",0,"8",0,"8",0,"8"
"354180155","GDAŃSK-WIBNO","2023","10","12",19.7,"",11.2,"",13.3,"",10.1,"",.0,"9","",0,"9",.0,"9",4.5,"",.0,"8",.0,"8",.0,"8",.0,"8",.0,"8",.0,"8",.0,"8",.0,"8",.0,"8",.0,"8",.0,"8",.0,"8",.0,"8",.0,"8",.0,"8",.0,"8",0,"",0,"8","R",0,"8",0,"8",0,"8"
"354180155","GDAŃSK-WIBNO","2023","10","13",17.3,"",5.2,"",11.6,"",2.8,"",.3,"","W",0,"9",.0,"9",3.0,"",.0,"8",.0,"8",.0,"8",.0,"8",.0,"8",.0,"8",.0,"8",.0,"8",.0,"8",.0,"8",.0,"8",.0,"8",.0,"8",.0,"8",.0,"8",.0,"8",0,"",0,"8","R",0,"8",0,"8",0,"8"
"354180155","GDAŃSK-WIBNO","2023","10","14",19.9,"",10.6,"",14.7,"",9.2,"",.5,"","W",0,"8",.0,"8",2.2,"",.0,"8",.0,"8",.0,"8",.0,"8",.0,"8",.0,"8",.0,"8",.0,"8",.0,"8",.0,"8",.0,"8",.0,"8",.0,"8",.0,"8",.0,"8",.0,"8",0,"",0,"8","R",0,"8",0,"8",0,"8"
"354180155","GDAŃSK-WIBNO","2023","10","15",12.4,"",6.8,"",8.3,"",5.2,"",5.6,"","W",0,"8",.0,"8",5.9,"",.0,"8",.0,"8",.0,"8",.0,"8",.0,"8",.0,"8",.0,"8",.0,"8",.0,"8",.0,"8",.0,"8",.0,"8",.0,"8",.0,"8",.0,"8",.0,"8",0,"",0,"8","R",0,"8",0,"8",0,"8"
"354180155","GDAŃSK-WIBNO","2023","10","16",11.9,"",5.0,"",7.2,"",3.1,"",2.0,"","W",0,"9",.0,"9",4.8,"",.0,"8",.0,"8",.0,"8",.0,"8",.0,"8",.0,"8",.0,"8",.0,"8",.0,"8",.0,"8",.0,"8",.0,"8",.0,"8",.0,"8",.0,"8",.0,"8",0,"",0,"8","R",0,"8",0,"8",0,"8"
"354180155","GDAŃSK-WIBNO","2023","10","17",12.8,"",2.5,"",7.3,"",1.0,"",.0,"","W",0,"9",.0,"9",8.5,"",.0,"8",.0,"8",.0,"8",.0,"8",.0,"8",.0,"8",.0,"8",.0,"8",.0,"8",.0,"8",.0,"8",.0,"8",.0,"8",.0,"8",.0,"8",.0,"8",0,"",0,"8","R",0,"8",0,"8",0,"8"
"354180155","GDAŃSK-WIBNO","2023","10","18",13.2,"",6.6,"",9.9,"",5.3,"",.4,"","W",0,"9",.0,"9",3.6,"",.0,"8",.0,"8",.0,"8",.0,"8",.0,"8",.0,"8",.0,"8",.0,"8",.0,"8",.0,"8",.0,"8",.0,"8",.0,"8",.0,"8",.0,"8",.0,"8",0,"",0,"8","R",0,"8",0,"8",0,"8"
"354180155","GDAŃSK-WIBNO","2023","10","19",10.7,"",5.7,"",6.7,"",5.1,"",1.9,"","W",0,"9",.0,"9",.1,"",.0,"8",.0,"8",.0,"8",.0,"8",.0,"8",.0,"8",.0,"8",.0,"8",.0,"8",.0,"8",.0,"8",.0,"8",.0,"8",.0,"8",.0,"8",.0,"8",0,"",0,"8","R",0,"8",0,"8",0,"8"
"354180155","GDAŃSK-WIBNO","2023","10","20",5.7,"",3.5,"",4.3,"",3.4,"",7.9,"","W",0,"9",.0,"9",.0,"9",.0,"8",.0,"8",.0,"8",.0,"8",.0,"8",.0,"8",.0,"8",.0,"8",.0,"8",.0,"8",.0,"8",.0,"8",.0,"8",.0,"8",.0,"8",.0,"8",0,"",0,"8","R",0,"8",0,"8",0,"8"
"354180155","GDAŃSK-WIBNO","2023","10","21",9.4,"",4.0,"",7.2,"",3.6,"",13.0,"","W",0,"8",.0,"8",.0,"9",.0,"8",.0,"8",.0,"8",.0,"8",.0,"8",.0,"8",.0,"8",.0,"8",.0,"8",.0,"8",.0,"8",.0,"8",.0,"8",.0,"8",.0,"8",.0,"8",0,"",0,"8","R",0,"8",0,"8",0,"8"
"354180155","GDAŃSK-WIBNO","2023","10","22",11.7,"",8.5,"",10.2,"",8.7,"",.0,"","W",0,"8",.0,"8",.0,"9",.0,"8",.0,"8",.0,"8",.0,"8",.0,"8",.0,"8",.0,"8",.0,"8",.0,"8",.0,"8",.0,"8",.0,"8",.0,"8",.0,"8",.0,"8",.0,"8",0,"",0,"8","R",0,"8",0,"8",0,"8"
"354180155","GDAŃSK-WIBNO","2023","10","23",15.8,"",8.1,"",10.9,"",5.9,"",.0,"9","",0,"9",.0,"9",6.9,"",.0,"8",.0,"8",.0,"8",.0,"8",.0,"8",.0,"8",.0,"8",.0,"8",.0,"8",.0,"8",.0,"8",.0,"8",.0,"8",.0,"8",.0,"8",.0,"8",0,"",0,"8","R",0,"8",0,"8",0,"8"
"354180155","GDAŃSK-WIBNO","2023","10","24",12.2,"",2.3,"",7.5,"",1.9,"",4.2,"","W",0,"9",.0,"9",5.6,"",.0,"8",.0,"8",.0,"8",.0,"8",.0,"8",.0,"8",.0,"8",.0,"8",.0,"8",.0,"8",.0,"8",.0,"8",.0,"8",.0,"8",.0,"8",.0,"8",0,"",0,"8","R",0,"8",0,"8",0,"8"
"354180155","GDAŃSK-WIBNO","2023","10","25",10.8,"",8.3,"",8.5,"",7.8,"",11.4,"","W",0,"9",.0,"9",.0,"9",.0,"8",.0,"8",.0,"8",.0,"8",.0,"8",.0,"8",.0,"8",.0,"8",.0,"8",.0,"8",.0,"8",.0,"8",.0,"8",.0,"8",.0,"8",.0,"8",0,"",0,"8","R",0,"8",0,"8",0,"8"
"354180155","GDAŃSK-WIBNO","2023","10","26",8.5,"",6.6,"",7.2,"",6.6,"",.0,"","W",0,"9",.0,"9",.0,"9",.0,"8",.0,"8",.0,"8",.0,"8",.0,"8",.0,"8",.0,"8",.0,"8",.0,"8",.0,"8",.0,"8",.0,"8",.0,"8",.0,"8",.0,"8",.0,"8",0,"",0,"8","R",0,"8",0,"8",0,"8"
"354180155","GDAŃSK-WIBNO","2023","10","27",7.6,"",5.4,"",6.5,"",5.5,"",6.2,"","W",0,"9",.0,"9",.0,"9",.0,"8",.0,"8",.0,"8",.0,"8",.0,"8",.0,"8",.0,"8",.0,"8",.0,"8",.0,"8",.0,"8",.0,"8",.0,"8",.0,"8",.0,"8",.0,"8",0,"",0,"8","R",0,"8",0,"8",0,"8"
"354180155","GDAŃSK-WIBNO","2023","10","28",7.2,"",4.9,"",5.7,"",4.9,"",.1,"","W",0,"8",.0,"8",.0,"9",.0,"8",.0,"8",.0,"8",.0,"8",.0,"8",.0,"8",.0,"8",.0,"8",.0,"8",.0,"8",.0,"8",.0,"8",.0,"8",.0,"8",.0,"8",.0,"8",0,"",0,"8","R",0,"8",0,"8",0,"8"
"354180155","GDAŃSK-WIBNO","2023","10","29",10.9,"",3.5,"",6.8,"",3.2,"",3.1,"","W",0,"8",.0,"8",.0,"9",.0,"8",.0,"8",.0,"8",.0,"8",.0,"8",.0,"8",.0,"8",.0,"8",.0,"8",.0,"8",.0,"8",.0,"8",.0,"8",.0,"8",.0,"8",.0,"8",0,"",0,"8","R",0,"8",0,"8",0,"8"
"354180155","GDAŃSK-WIBNO","2023","10","30",14.8,"",9.4,"",11.4,"",7.5,"",.3,"","W",0,"9",.0,"9",6.0,"",.0,"8",.0,"8",.0,"8",.0,"8",.0,"8",.0,"8",.0,"8",.0,"8",.0,"8",.0,"8",.0,"8",.0,"8",.0,"8",.0,"8",.0,"8",.0,"8",0,"",0,"8","R",0,"8",0,"8",0,"8"
"354180155","GDAŃSK-WIBNO","2023","10","31",13.9,"",7.0,"",11.5,"",5.3,"",2.5,"","W",0,"9",.0,"9",.3,"",.0,"8",.0,"8",.0,"8",.0,"8",.0,"8",.0,"8",.0,"8",.0,"8",.0,"8",.0,"8",.0,"8",.0,"8",.0,"8",.0,"8",.0,"8",.0,"8",0,"",0,"8","R",0,"8",0,"8",0,"8"
"354180155","GDAŃSK-WIBNO","2023","11","01",11.4,"",3.6,"",6.3,"",1.2,"",.0,"9","",0,"8",.0,"8",1.6,"",.0,"8",.0,"8",.0,"8",.0,"8",.0,"8",.0,"8",.0,"8",.0,"8",.0,"8",.0,"8",.0,"8",.0,"8",.0,"8",.0,"8",.0,"8",.0,"8",0,"",0,"8","R",0,"8",0,"8",0,"8"
"354180155","GDAŃSK-WIBNO","2023","11","02",14.5,"",2.5,"",9.1,"",1.1,"",.2,"","W",0,"8",.0,"8",7.5,"",.0,"8",.0,"8",.0,"8",.0,"8",.0,"8",.0,"8",.0,"8",.0,"8",.0,"8",.0,"8",.0,"8",.0,"8",.0,"8",.0,"8",.0,"8",.0,"8",0,"",0,"8","R",0,"8",0,"8",0,"8"
"354180155","GDAŃSK-WIBNO","2023","11","03",11.2,"",9.6,"",10.3,"",8.7,"",44.7,"","W",0,"9",.0,"9",.0,"9",.0,"8",.0,"8",.0,"8",.0,"8",.0,"8",.0,"8",.0,"8",.0,"8",.0,"8",.0,"8",.0,"8",.0,"8",.0,"8",.0,"8",.0,"8",.0,"8",0,"",0,"8","R",0,"8",0,"8",0,"8"
"354180155","GDAŃSK-WIBNO","2023","11","04",11.0,"",6.0,"",8.5,"",4.3,"",.9,"","W",0,"8",.0,"8",1.1,"",.0,"8",.0,"8",.0,"8",.0,"8",.0,"8",.0,"8",.0,"8",.0,"8",.0,"8",.0,"8",.0,"8",.0,"8",.0,"8",.0,"8",.0,"8",.0,"8",0,"",0,"8","R",0,"8",0,"8",0,"8"
"354180155","GDAŃSK-WIBNO","2023","11","05",10.6,"",4.9,"",7.6,"",4.0,"",.6,"","W",0,"8",.0,"8",1.7,"",.0,"8",.0,"8",.0,"8",.0,"8",.0,"8",.0,"8",.0,"8",.0,"8",.0,"8",.0,"8",.0,"8",.0,"8",.0,"8",.0,"8",.0,"8",.0,"8",0,"",0,"8","R",0,"8",0,"8",0,"8"
"354180155","GDAŃSK-WIBNO","2023","11","06",11.2,"",6.9,"",9.5,"",6.2,"",.1,"","W",0,"9",.0,"9",.1,"",.0,"8",.0,"8",.0,"8",.0,"8",.0,"8",.0,"8",.0,"8",.0,"8",.0,"8",.0,"8",.0,"8",.0,"8",.0,"8",.0,"8",.0,"8",.0,"8",0,"",0,"8","R",0,"8",0,"8",0,"8"
"354180155","GDAŃSK-WIBNO","2023","11","07",11.4,"",6.1,"",8.5,"",4.6,"",.0,"9","",0,"9",.0,"9",3.6,"",.0,"8",.0,"8",.0,"8",.0,"8",.0,"8",.0,"8",.0,"8",.0,"8",.0,"8",.0,"8",.0,"8",.0,"8",.0,"8",.0,"8",.0,"8",.0,"8",0,"",0,"8","R",0,"8",0,"8",0,"8"
"354180155","GDAŃSK-WIBNO","2023","11","08",10.3,"",6.5,"",8.1,"",4.7,"",.0,"","W",0,"9",.0,"9",2.0,"",.0,"8",.0,"8",.0,"8",.0,"8",.0,"8",.0,"8",.0,"8",.0,"8",.0,"8",.0,"8",.0,"8",.0,"8",.0,"8",.0,"8",.0,"8",.0,"8",0,"",0,"8","R",0,"8",0,"8",0,"8"
"354180155","GDAŃSK-WIBNO","2023","11","09",9.8,"",4.8,"",7.3,"",1.9,"",.0,"","W",0,"9",.0,"9",2.7,"",.0,"8",.0,"8",.0,"8",.0,"8",.0,"8",.0,"8",.0,"8",.0,"8",.0,"8",.0,"8",.0,"8",.0,"8",.0,"8",.0,"8",.0,"8",.0,"8",0,"",0,"8","R",0,"8",0,"8",0,"8"
"354180155","GDAŃSK-WIBNO","2023","11","10",10.6,"",7.4,"",8.6,"",6.6,"",.2,"","W",0,"9",.0,"9",4.1,"",.0,"8",.0,"8",.0,"8",.0,"8",.0,"8",.0,"8",.0,"8",.0,"8",.0,"8",.0,"8",.0,"8",.0,"8",.0,"8",.0,"8",.0,"8",.0,"8",0,"",0,"8","R",0,"8",0,"8",0,"8"
"354180155","GDAŃSK-WIBNO","2023","11","11",9.7,"",2.1,"",5.4,"",-.2,"",.0,"9","",0,"8",.0,"8",3.0,"",.0,"8",.0,"8",.0,"8",.0,"8",.0,"8",.0,"8",.0,"8",.0,"8",.0,"8",.0,"8",.0,"8",.0,"8",.0,"8",.0,"8",.0,"8",.0,"8",0,"",0,"8","R",0,"8",0,"8",0,"8"
"354180155","GDAŃSK-WIBNO","2023","11","12",9.4,"",1.7,"",5.7,"",.0,"",.0,"","W",0,"8",.0,"8",2.4,"",.0,"8",.0,"8",.0,"8",.0,"8",.0,"8",.0,"8",.0,"8",.0,"8",.0,"8",.0,"8",.0,"8",.0,"8",.0,"8",.0,"8",.0,"8",.0,"8",0,"",0,"8","R",0,"8",0,"8",0,"8"
"354180155","GDAŃSK-WIBNO","2023","11","13",7.4,"",3.5,"",5.1,"",.0,"",2.9,"","W",0,"9",.0,"9",1.0,"",.0,"8",.0,"8",.0,"8",.0,"8",.0,"8",.0,"8",.0,"8",.0,"8",.0,"8",.0,"8",.0,"8",.0,"8",.0,"8",.0,"8",.0,"8",.0,"8",0,"",0,"8","R",0,"8",0,"8",0,"8"
"354180155","GDAŃSK-WIBNO","2023","11","14",9.0,"",3.1,"",6.3,"",.6,"",4.5,"","W",0,"9",.0,"9",.0,"9",.0,"8",.0,"8",.0,"8",.0,"8",.0,"8",.0,"8",.0,"8",.0,"8",.0,"8",.0,"8",.0,"8",.0,"8",.0,"8",.0,"8",.0,"8",.0,"8",0,"",0,"8","R",0,"8",0,"8",0,"8"
"354180155","GDAŃSK-WIBNO","2023","11","15",9.2,"",5.9,"",6.9,"",4.2,"",1.2,"","W",0,"9",.0,"9",.1,"",.0,"8",.0,"8",.0,"8",.0,"8",.0,"8",.0,"8",.0,"8",.0,"8",.0,"8",.0,"8",.0,"8",.0,"8",.0,"8",.0,"8",.0,"8",.0,"8",0,"",0,"8","R",0,"8",0,"8",0,"8"
"354180155","GDAŃSK-WIBNO","2023","11","16",7.0,"",-.5,"",3.2,"",-2.4,"",5.1,"","W",0,"9",.0,"9",5.0,"",.0,"8",.0,"8",.0,"8",.0,"8",.0,"8",.0,"8",.0,"8",.0,"8",.0,"8",.0,"8",.0,"8",.0,"8",.0,"8",.0,"8",.0,"8",.0,"8",0,"",0,"8","Z",0,"8",0,"8",0,"8"
"354180155","GDAŃSK-WIBNO","2023","11","17",4.1,"",.8,"",2.4,"",.1,"",2.0,"","S",0,"9",.0,"9",.0,"9",.0,"8",.0,"8",.0,"8",.0,"8",.0,"8",.0,"8",.0,"8",.0,"8",.0,"8",.0,"8",.0,"8",.0,"8",.0,"8",.0,"8",.0,"8",.0,"8",0,"",0,"8","R",0,"8",0,"8",0,"8"
"354180155","GDAŃSK-WIBNO","2023","11","18",2.9,"",1.3,"",1.9,"",.7,"",.0,"","W",0,"8",.0,"8",.0,"9",.0,"8",.0,"8",.0,"8",.0,"8",.0,"8",.0,"8",.0,"8",.0,"8",.0,"8",.0,"8",.0,"8",.0,"8",.0,"8",.0,"8",.0,"8",.0,"8",0,"",0,"8","R",0,"8",0,"8",0,"8"
"354180155","GDAŃSK-WIBNO","2023","11","19",1.7,"",-.4,"",1.0,"",-.7,"",.0,"","W",0,"8",.0,"8",.1,"",.0,"8",.0,"8",.0,"8",.0,"8",.0,"8",.0,"8",.0,"8",.0,"8",.0,"8",.0,"8",.0,"8",.0,"8",.0,"8",.0,"8",.0,"8",.0,"8",0,"",0,"8","R",0,"8",0,"8",0,"8"
"354180155","GDAŃSK-WIBNO","2023","11","20",2.6,"",.8,"",1.7,"",.6,"",.0,"9","",0,"8",.0,"8",.0,"9",.0,"8",.0,"8",.0,"8",.0,"8",.0,"8",.0,"8",.0,"8",.0,"8",.0,"8",.0,"8",.0,"8",.0,"8",.0,"8",.0,"8",.0,"8",.0,"8",0,"",0,"8","R",0,"8",0,"8",0,"8"
"354180155","GDAŃSK-WIBNO","2023","11","21",2.5,"",-.9,"",.3,"",-1.9,"",.0,"9","",0,"8",.0,"8",6.1,"",.0,"8",.0,"8",.0,"8",.0,"8",.0,"8",.0,"8",.0,"8",.0,"8",.0,"8",.0,"8",.0,"8",.0,"8",.0,"8",.0,"8",.0,"8",.0,"8",0,"",0,"8","R",0,"8",0,"8",0,"8"
"354180155","GDAŃSK-WIBNO","2023","11","22",2.9,"",-2.6,"",-.3,"",-4.1,"",.0,"","W",0,"8",.0,"8",2.0,"",.0,"8",.0,"8",.0,"8",.0,"8",.0,"8",.0,"8",.0,"8",.0,"8",.0,"8",.0,"8",.0,"8",.0,"8",.0,"8",.0,"8",.0,"8",.0,"8",0,"",0,"8","R",0,"8",0,"8",0,"8"
"354180155","GDAŃSK-WIBNO","2023","11","23",8.7,"",-.5,"",4.6,"",-.6,"",13.9,"","W",0,"8",.0,"8",.3,"",.0,"8",.0,"8",.0,"8",.0,"8",.0,"8",.0,"8",.0,"8",.0,"8",.0,"8",.0,"8",.0,"8",.0,"8",.0,"8",.0,"8",.0,"8",.0,"8",0,"",0,"8","R",0,"8",0,"8",0,"8"
"354180155","GDAŃSK-WIBNO","2023","11","24",.0,"8",.0,"8",.0,"8",.0,"8",4.8,"","W",0,"8",.0,"8",.0,"8",.0,"8",.0,"8",.0,"8",.0,"8",.0,"8",.0,"8",.0,"8",.0,"8",.0,"8",.0,"8",.0,"8",.0,"8",.0,"8",.0,"8",.0,"8",.0,"8",0,"",0,"8","",0,"8",0,"8",0,"8"
"354180155","GDAŃSK-WIBNO","2023","11","25",3.9,"",.2,"",2.1,"",-.1,"",4.9,"","W",0,"8",.0,"8",.3,"",.0,"8",.0,"8",.0,"8",.0,"8",.0,"8",.0,"8",.0,"8",.0,"8",.0,"8",.0,"8",.0,"8",.0,"8",.0,"8",.0,"8",.0,"8",.0,"8",0,"",0,"8","R",0,"8",0,"8",0,"8"
"354180155","GDAŃSK-WIBNO","2023","11","26",2.1,"",-.5,"",.4,"",-2.2,"",1.0,"","S",0,"8",.0,"8",.1,"",.0,"8",.0,"8",.0,"8",.0,"8",.0,"8",.0,"8",.0,"8",.0,"8",.0,"8",.0,"8",.0,"8",.0,"8",.0,"8",.0,"8",.0,"8",.0,"8",0,"",0,"8","R",0,"8",0,"8",0,"8"
"354180155","GDAŃSK-WIBNO","2023","11","27",1.5,"",-3.9,"",-2.6,"",-5.1,"",.5,"","S",6,"",1.7,"",.6,"",.0,"8",.0,"8",.0,"8",.0,"8",.0,"8",.0,"8",.0,"8",.0,"8",.0,"8",.0,"8",.0,"8",.0,"8",.0,"8",.0,"8",.0,"8",.0,"8",1,"",0,"8","R",0,"8",0,"8",0,"8"
"354180155","GDAŃSK-WIBNO","2023","11","28",1.7,"",-9.4,"",-3.3,"",-12.4,"",.1,"","S",5,"",1.6,"",4.9,"",.0,"8",.0,"8",.0,"8",.0,"8",.0,"8",.0,"8",.0,"8",.0,"8",.0,"8",.0,"8",.0,"8",.0,"8",.0,"8",.0,"8",.0,"8",.0,"8",1,"",0,"8","R",0,"8",0,"8",0,"8"
"354180155","GDAŃSK-WIBNO","2023","11","29",-2.9,"",-8.8,"",-5.6,"",-11.9,"",.0,"","S",5,"",1.6,"",4.6,"",.0,"8",.0,"8",.0,"8",.0,"8",.0,"8",.0,"8",.0,"8",.0,"8",.0,"8",.0,"8",.0,"8",.0,"8",.0,"8",.0,"8",.0,"8",.0,"8",1,"",0,"8","",0,"8",0,"8",0,"8"
"354180155","GDAŃSK-WIBNO","2023","11","30",-1.6,"",-5.8,"",-3.2,"",-6.8,"",.0,"","S",5,"",1.6,"",.0,"9",.0,"8",.0,"8",.0,"8",.0,"8",.0,"8",.0,"8",.0,"8",.0,"8",.0,"8",.0,"8",.0,"8",.0,"8",.0,"8",.0,"8",.0,"8",.0,"8",1,"",0,"8","",0,"8",0,"8",0,"8"
"354180155","GDAŃSK-WIBNO","2023","12","01",1.6,"",-7.4,"",-3.5,"",-9.2,"",.0,"","W",5,"",1.6,"",3.1,"",.0,"8",.0,"8",.0,"8",.0,"8",.0,"8",.0,"8",.0,"8",.0,"8",.0,"8",.0,"8",.0,"8",.0,"8",.0,"8",.0,"8",.0,"8",.0,"8",1,"",0,"8","Z",0,"8",0,"8",0,"8"
"354180155","GDAŃSK-WIBNO","2023","12","02",.3,"",-6.2,"",-2.2,"",-8.0,"",.3,"","W",0,"8",.0,"8",1.0,"",.0,"8",.0,"8",.0,"8",.0,"8",.0,"8",.0,"8",.0,"8",.0,"8",.0,"8",.0,"8",.0,"8",.0,"8",.0,"8",.0,"8",.0,"8",.0,"8",0,"",0,"8","R",0,"8",0,"8",0,"8"
"354180155","GDAŃSK-WIBNO","2023","12","03",1.1,"",-2.2,"",-1.3,"",-3.4,"",1.5,"","W",0,"8",.0,"8",3.1,"",.0,"8",.0,"8",.0,"8",.0,"8",.0,"8",.0,"8",.0,"8",.0,"8",.0,"8",.0,"8",.0,"8",.0,"8",.0,"8",.0,"8",.0,"8",.0,"8",0,"",0,"8","R",0,"8",0,"8",0,"8"
"354180155","GDAŃSK-WIBNO","2023","12","04",.6,"",-7.0,"",-3.4,"",-10.7,"",.0,"9","",10,"",1.4,"",4.1,"",.0,"8",.0,"8",.0,"8",.0,"8",.0,"8",.0,"8",.0,"8",.0,"8",.0,"8",.0,"8",.0,"8",.0,"8",.0,"8",.0,"8",.0,"8",.0,"8",1,"",0,"8","Z",0,"8",0,"8",0,"8"
"354180155","GDAŃSK-WIBNO","2023","12","05",-3.3,"",-7.8,"",-5.1,"",-8.6,"",.0,"9","",9,"",1.6,"",5.6,"",.0,"8",.0,"8",.0,"8",.0,"8",.0,"8",.0,"8",.0,"8",.0,"8",.0,"8",.0,"8",.0,"8",.0,"8",.0,"8",.0,"8",.0,"8",.0,"8",1,"",0,"8","Z",0,"8",0,"8",0,"8"
"354180155","GDAŃSK-WIBNO","2023","12","06",-2.1,"",-7.1,"",-4.0,"",-10.1,"",.0,"","W",8,"",1.8,"",.0,"9",.0,"8",.0,"8",.0,"8",.0,"8",.0,"8",.0,"8",.0,"8",.0,"8",.0,"8",.0,"8",.0,"8",.0,"8",.0,"8",.0,"8",.0,"8",.0,"8",1,"",0,"8","Z",0,"8",0,"8",0,"8"
"354180155","GDAŃSK-WIBNO","2023","12","07",-.8,"",-3.9,"",-1.6,"",-5.4,"",.0,"","S",8,"",2.0,"",.0,"9",.0,"8",.0,"8",.0,"8",.0,"8",.0,"8",.0,"8",.0,"8",.0,"8",.0,"8",.0,"8",.0,"8",.0,"8",.0,"8",.0,"8",.0,"8",.0,"8",1,"",0,"8","",0,"8",0,"8",0,"8"
"354180155","GDAŃSK-WIBNO","2023","12","08",-.6,"",-3.6,"",-2.4,"",-3.5,"",.0,"9","",8,"",2.0,"",.0,"9",.0,"8",.0,"8",.0,"8",.0,"8",.0,"8",.0,"8",.0,"8",.0,"8",.0,"8",.0,"8",.0,"8",.0,"8",.0,"8",.0,"8",.0,"8",.0,"8",1,"",0,"8","Z",0,"8",0,"8",0,"8"
"354180155","GDAŃSK-WIBNO","2023","12","09",-1.7,"",-2.9,"",-2.0,"",-3.0,"",.0,"","W",0,"8",.0,"8",.0,"9",.0,"8",.0,"8",.0,"8",.0,"8",.0,"8",.0,"8",.0,"8",.0,"8",.0,"8",.0,"8",.0,"8",.0,"8",.0,"8",.0,"8",.0,"8",.0,"8",0,"",0,"8","R",0,"8",0,"8",0,"8"
"354180155","GDAŃSK-WIBNO","2023","12","10",1.1,"",-1.8,"",.3,"",-1.8,"",.3,"","W",0,"8",.0,"8",.0,"9",.0,"8",.0,"8",.0,"8",.0,"8",.0,"8",.0,"8",.0,"8",.0,"8",.0,"8",.0,"8",.0,"8",.0,"8",.0,"8",.0,"8",.0,"8",.0,"8",0,"",0,"8","R",0,"8",0,"8",0,"8"
"354180155","GDAŃSK-WIBNO","2023","12","11",2.0,"",-.3,"",1.3,"",-.4,"",.6,"","W",6,"",2.8,"",.0,"9",.0,"8",.0,"8",.0,"8",.0,"8",.0,"8",.0,"8",.0,"8",.0,"8",.0,"8",.0,"8",.0,"8",.0,"8",.0,"8",.0,"8",.0,"8",.0,"8",1,"",0,"8","Z",0,"8",0,"8",0,"8"
"354180155","GDAŃSK-WIBNO","2023","12","12",4.1,"",1.1,"",2.6,"",.7,"",.1,"","W",4,"",.0,"9",.0,"9",.0,"8",.0,"8",.0,"8",.0,"8",.0,"8",.0,"8",.0,"8",.0,"8",.0,"8",.0,"8",.0,"8",.0,"8",.0,"8",.0,"8",.0,"8",.0,"8",1,"",0,"8","R",0,"8",0,"8",0,"8"
"354180155","GDAŃSK-WIBNO","2023","12","13",3.2,"",.4,"",1.8,"",-.9,"",.0,"9","",0,"9",.0,"9",.0,"9",.0,"8",.0,"8",.0,"8",.0,"8",.0,"8",.0,"8",.0,"8",.0,"8",.0,"8",.0,"8",.0,"8",.0,"8",.0,"8",.0,"8",.0,"8",.0,"8",0,"",0,"8","R",0,"8",0,"8",0,"8"
"354180155","GDAŃSK-WIBNO","2023","12","14",3.3,"",.0,"",2.1,"",-1.6,"",.1,"","W",0,"9",.0,"9",.0,"9",.0,"8",.0,"8",.0,"8",.0,"8",.0,"8",.0,"8",.0,"8",.0,"8",.0,"8",.0,"8",.0,"8",.0,"8",.0,"8",.0,"8",.0,"8",.0,"8",0,"",0,"8","Z",0,"8",0,"8",0,"8"
"354180155","GDAŃSK-WIBNO","2023","12","15",4.2,"",.3,"",2.4,"",-.3,"",.0,"","W",0,"9",.0,"9",.0,"9",.0,"8",.0,"8",.0,"8",.0,"8",.0,"8",.0,"8",.0,"8",.0,"8",.0,"8",.0,"8",.0,"8",.0,"8",.0,"8",.0,"8",.0,"8",.0,"8",0,"",0,"8","R",0,"8",0,"8",0,"8"
"354180155","GDAŃSK-WIBNO","2023","12","16",7.3,"",4.2,"",6.2,"",3.5,"",.0,"9","",0,"8",.0,"8",.1,"",.0,"8",.0,"8",.0,"8",.0,"8",.0,"8",.0,"8",.0,"8",.0,"8",.0,"8",.0,"8",.0,"8",.0,"8",.0,"8",.0,"8",.0,"8",.0,"8",0,"",0,"8","R",0,"8",0,"8",0,"8"
"354180155","GDAŃSK-WIBNO","2023","12","17",9.9,"",6.3,"",9.2,"",5.9,"",3.3,"","W",0,"8",.0,"8",.0,"9",.0,"8",.0,"8",.0,"8",.0,"8",.0,"8",.0,"8",.0,"8",.0,"8",.0,"8",.0,"8",.0,"8",.0,"8",.0,"8",.0,"8",.0,"8",.0,"8",0,"",0,"8","R",0,"8",0,"8",0,"8"
"354180155","GDAŃSK-WIBNO","2023","12","18",9.8,"",7.9,"",8.3,"",6.9,"",.0,"","W",0,"9",.0,"9",.0,"9",.0,"8",.0,"8",.0,"8",.0,"8",.0,"8",.0,"8",.0,"8",.0,"8",.0,"8",.0,"8",.0,"8",.0,"8",.0,"8",.0,"8",.0,"8",.0,"8",0,"",0,"8","R",0,"8",0,"8",0,"8"
"354180155","GDAŃSK-WIBNO","2023","12","19",8.6,"",6.7,"",7.3,"",6.0,"",1.0,"","W",0,"9",.0,"9",.1,"",.0,"8",.0,"8",.0,"8",.0,"8",.0,"8",.0,"8",.0,"8",.0,"8",.0,"8",.0,"8",.0,"8",.0,"8",.0,"8",.0,"8",.0,"8",.0,"8",0,"",0,"8","R",0,"8",0,"8",0,"8"
"354180155","GDAŃSK-WIBNO","2023","12","20",6.7,"",1.8,"",4.1,"",-.5,"",2.9,"","W",0,"9",.0,"9",1.7,"",.0,"8",.0,"8",.0,"8",.0,"8",.0,"8",.0,"8",.0,"8",.0,"8",.0,"8",.0,"8",.0,"8",.0,"8",.0,"8",.0,"8",.0,"8",.0,"8",0,"",0,"8","R",0,"8",0,"8",0,"8"
"354180155","GDAŃSK-WIBNO","2023","12","21",6.8,"",.9,"",3.9,"",-.1,"",4.9,"","W",0,"9",.0,"9",.0,"9",.0,"8",.0,"8",.0,"8",.0,"8",.0,"8",.0,"8",.0,"8",.0,"8",.0,"8",.0,"8",.0,"8",.0,"8",.0,"8",.0,"8",.0,"8",.0,"8",0,"",0,"8","R",0,"8",0,"8",0,"8"
"354180155","GDAŃSK-WIBNO","2023","12","22",6.7,"",.4,"",2.0,"",.1,"",4.5,"","S",0,"9",.0,"9",.0,"9",.0,"8",.0,"8",.0,"8",.0,"8",.0,"8",.0,"8",.0,"8",.0,"8",.0,"8",.0,"8",.0,"8",.0,"8",.0,"8",.0,"8",.0,"8",.0,"8",0,"",0,"8","R",0,"8",0,"8",0,"8"
"354180155","GDAŃSK-WIBNO","2023","12","23",2.6,"",1.1,"",1.8,"",.0,"",.0,"","W",0,"8",.0,"8",.7,"",.0,"8",.0,"8",.0,"8",.0,"8",.0,"8",.0,"8",.0,"8",.0,"8",.0,"8",.0,"8",.0,"8",.0,"8",.0,"8",.0,"8",.0,"8",.0,"8",0,"",0,"8","R",0,"8",0,"8",0,"8"
"354180155","GDAŃSK-WIBNO","2023","12","24",2.0,"",-2.2,"",.5,"",-3.2,"",.4,"","W",0,"8",.0,"8",.3,"",.0,"8",.0,"8",.0,"8",.0,"8",.0,"8",.0,"8",.0,"8",.0,"8",.0,"8",.0,"8",.0,"8",.0,"8",.0,"8",.0,"8",.0,"8",.0,"8",0,"",0,"8","R",0,"8",0,"8",0,"8"
"354180155","GDAŃSK-WIBNO","2023","12","25",8.6,"",1.0,"",7.5,"",.7,"",.4,"","W",0,"8",.0,"8",1.1,"",.0,"8",.0,"8",.0,"8",.0,"8",.0,"8",.0,"8",.0,"8",.0,"8",.0,"8",.0,"8",.0,"8",.0,"8",.0,"8",.0,"8",.0,"8",.0,"8",0,"",0,"8","R",0,"8",0,"8",0,"8"
"354180155","GDAŃSK-WIBNO","2023","12","26",8.6,"",3.0,"",5.1,"",2.5,"",1.4,"","W",0,"8",.0,"8",.4,"",.0,"8",.0,"8",.0,"8",.0,"8",.0,"8",.0,"8",.0,"8",.0,"8",.0,"8",.0,"8",.0,"8",.0,"8",.0,"8",.0,"8",.0,"8",.0,"8",0,"",0,"8","R",0,"8",0,"8",0,"8"
"354180155","GDAŃSK-WIBNO","2023","12","27",5.9,"",-.2,"",3.1,"",-2.5,"",.0,"9","",0,"9",.0,"9",3.4,"",.0,"8",.0,"8",.0,"8",.0,"8",.0,"8",.0,"8",.0,"8",.0,"8",.0,"8",.0,"8",.0,"8",.0,"8",.0,"8",.0,"8",.0,"8",.0,"8",0,"",0,"8","R",0,"8",0,"8",0,"8"
"354180155","GDAŃSK-WIBNO","2023","12","28",5.5,"",-.6,"",3.0,"",-2.6,"",.0,"","W",0,"9",.0,"9",1.0,"",.0,"8",.0,"8",.0,"8",.0,"8",.0,"8",.0,"8",.0,"8",.0,"8",.0,"8",.0,"8",.0,"8",.0,"8",.0,"8",.0,"8",.0,"8",.0,"8",0,"",0,"8","Z",0,"8",0,"8",0,"8"
"354180155","GDAŃSK-WIBNO","2023","12","29",8.6,"",4.6,"",6.5,"",2.9,"",.0,"","W",0,"9",.0,"9",1.1,"",.0,"8",.0,"8",.0,"8",.0,"8",.0,"8",.0,"8",.0,"8",.0,"8",.0,"8",.0,"8",.0,"8",.0,"8",.0,"8",.0,"8",.0,"8",.0,"8",0,"",0,"8","R",0,"8",0,"8",0,"8"
"354180155","GDAŃSK-WIBNO","2023","12","30",7.3,"",2.5,"",4.6,"",.5,"",.5,"","W",0,"8",.0,"8",.2,"",.0,"8",.0,"8",.0,"8",.0,"8",.0,"8",.0,"8",.0,"8",.0,"8",.0,"8",.0,"8",.0,"8",.0,"8",.0,"8",.0,"8",.0,"8",.0,"8",0,"",0,"8","R",0,"8",0,"8",0,"8"
"354180155","GDAŃSK-WIBNO","2023","12","31",2.8,"",-.9,"",1.0,"",-3.0,"",.0,"","W",0,"8",.0,"8",.0,"9",.0,"8",.0,"8",.0,"8",.0,"8",.0,"8",.0,"8",.0,"8",.0,"8",.0,"8",.0,"8",.0,"8",.0,"8",.0,"8",.0,"8",.0,"8",.0,"8",0,"",0,"8","R",0,"8",0,"8",0,"8"